WTA,Location,Tournament,Date,Tier,Court,Surface,Round,Best of,Winner,Loser,WRank,LRank,WPts,LPts,W1,L1,W2,L2,W3,L3,Wsets,Lsets,Comment,B365W,B365L,PSW,PSL,MaxW,MaxL,AvgW,AvgL
1,Adelaide,Adelaide International 1,1/1/23,WTA500,Outdoor,Hard,1st Round,3,Andreescu B.,Muguruza G.,46,55,1066,923,0,6,7,6,6,1,2,1,Completed,1.5,2.63,1.52,2.7,1.6,2.7,1.51,2.55
1,Adelaide,Adelaide International 1,1/1/23,WTA500,Outdoor,Hard,1st Round,3,Kanepi K.,Sasnovich A.,32,30,1380,1428,4,6,6,1,6,4,2,1,Completed,1.91,1.91,1.96,1.93,2,1.95,1.9,1.89
1,Adelaide,Adelaide International 1,1/2/23,WTA500,Outdoor,Hard,1st Round,3,Noskova L.,Kasatkina D.,102,8,620,3435,6,3,6,7,6,3,2,1,Completed,3.4,1.33,3.25,1.39,3.4,1.41,3.04,1.37
1,Adelaide,Adelaide International 1,1/2/23,WTA500,Outdoor,Hard,1st Round,3,Begu I.,Rogers S.,34,47,1347,1065,3,6,7,6,6,1,2,1,Completed,2.75,1.44,2.97,1.44,2.97,1.56,2.66,1.47
1,Adelaide,Adelaide International 1,1/2/23,WTA500,Outdoor,Hard,1st Round,3,Kudermetova V.,Anisimova A.,9,23,2795,1746,6,3,6,0,,,2,0,Completed,1.53,2.5,1.53,2.66,1.58,2.66,1.52,2.48
1,Adelaide,Adelaide International 1,1/2/23,WTA500,Outdoor,Hard,1st Round,3,Kostyuk M.,Fourlis J.,69,162,820,389,6,1,3,6,6,4,2,1,Completed,1.13,6,1.16,6.11,1.21,6.11,1.14,5.6
1,Adelaide,Adelaide International 1,1/2/23,WTA500,Outdoor,Hard,1st Round,3,Rybakina E.,Collins D.,21,14,1860,2287,5,7,6,2,6,3,2,1,Completed,1.57,2.38,1.68,2.31,1.8,2.4,1.65,2.22
1,Adelaide,Adelaide International 1,1/2/23,WTA500,Outdoor,Hard,1st Round,3,Samsonova L.,Zhang S.,20,25,1910,1600,5,7,6,3,6,0,2,1,Completed,1.29,3.75,1.29,3.93,1.3,4.45,1.25,3.84
1,Adelaide,Adelaide International 1,1/3/23,WTA500,Outdoor,Hard,1st Round,3,Zheng Q.,Kontaveit A.,28,17,1528,2093,6,1,4,6,7,6,2,1,Completed,1.67,2.2,1.67,2.33,1.71,2.34,1.64,2.24
1,Adelaide,Adelaide International 1,1/3/23,WTA500,Outdoor,Hard,1st Round,3,Vondrousova M.,Alexandrova E.,92,19,662,1910,4,6,6,3,6,2,2,1,Completed,1.8,2,1.82,2.08,1.83,2.08,1.79,2.01
1,Adelaide,Adelaide International 1,1/3/23,WTA500,Outdoor,Hard,1st Round,3,Azarenka V.,Kalinina A.,26,39,1597,1197,7,6,7,6,,,2,0,Completed,1.73,2.1,1.81,2.1,1.87,2.3,1.73,2.1
1,Adelaide,Adelaide International 1,1/3/23,WTA500,Outdoor,Hard,1st Round,3,Liu C.,Hon P.,59,154,880,415,4,6,6,3,6,3,2,1,Completed,1.25,4,1.26,4.24,1.3,4.35,1.25,3.89
1,Adelaide,Adelaide International 1,1/3/23,WTA500,Outdoor,Hard,1st Round,3,Cirstea S.,Golubic V.,45,76,1087,779,6,0,7,6,,,2,0,Completed,2.1,1.73,2.37,1.65,2.54,1.75,2.24,1.64
1,Adelaide,Adelaide International 1,1/3/23,WTA500,Outdoor,Hard,1st Round,3,Ostapenko J.,Pliskova Ka.,18,31,1986,1426,6,1,6,3,,,2,0,Completed,2.1,1.73,1.97,1.92,2.12,1.92,2.02,1.78
1,Adelaide,Adelaide International 1,1/4/23,WTA500,Outdoor,Hard,2nd Round,3,Vondrousova M.,Kanepi K.,92,32,662,1380,6,0,6,4,,,2,0,Completed,1.5,2.63,1.56,2.59,1.6,2.76,1.51,2.54
1,Adelaide,Adelaide International 1,1/4/23,WTA500,Outdoor,Hard,2nd Round,3,Sabalenka A.,Samsonova L.,5,20,3925,1910,7,6,7,6,,,2,0,Completed,2.1,1.73,2.16,1.76,2.25,1.78,2.13,1.71
1,Adelaide,Adelaide International 1,1/4/23,WTA500,Outdoor,Hard,2nd Round,3,Kostyuk M.,Rybakina E.,69,21,820,1860,6,7,6,2,6,3,2,1,Completed,3.2,1.36,3.67,1.32,3.67,1.36,3.27,1.33
1,Adelaide,Adelaide International 1,1/4/23,WTA500,Outdoor,Hard,2nd Round,3,Kudermetova V.,Andreescu B.,9,46,2795,1066,6,4,6,0,,,2,0,Completed,1.67,2.2,1.62,2.43,1.67,2.52,1.61,2.3
1,Adelaide,Adelaide International 1,1/5/23,WTA500,Outdoor,Hard,2nd Round,3,Noskova L.,Liu C.,102,59,620,880,6,2,6,2,,,2,0,Completed,1.73,2.1,1.72,2.24,1.74,2.34,1.68,2.18
1,Adelaide,Adelaide International 1,1/5/23,WTA500,Outdoor,Hard,2nd Round,3,Begu I.,Ostapenko J.,34,18,1347,1986,6,3,6,0,,,2,0,Completed,2.75,1.44,2.88,1.47,3.15,1.47,2.8,1.43
1,Adelaide,Adelaide International 1,1/5/23,WTA500,Outdoor,Hard,2nd Round,3,Azarenka V.,Zheng Q.,26,28,1597,1528,6,2,7,5,,,2,0,Completed,2.2,1.67,2.16,1.77,2.27,1.77,2.16,1.68
1,Adelaide,Adelaide International 1,1/5/23,WTA500,Outdoor,Hard,2nd Round,3,Jabeur O.,Cirstea S.,2,45,5055,1087,7,6,6,1,,,2,0,Completed,1.29,3.75,1.3,3.89,1.3,3.95,1.27,3.71
1,Adelaide,Adelaide International 1,1/6/23,WTA500,Outdoor,Hard,Quarterfinals,3,Sabalenka A.,Vondrousova M.,5,92,3925,662,6,3,7,5,,,2,0,Completed,1.8,2,1.81,2.11,1.91,2.2,1.78,2.03
1,Adelaide,Adelaide International 1,1/6/23,WTA500,Outdoor,Hard,Quarterfinals,3,Begu I.,Kudermetova V.,34,9,1347,2795,7,5,6,4,,,2,0,Completed,4,1.25,3.8,1.31,4,1.31,3.79,1.26
1,Adelaide,Adelaide International 1,1/6/23,WTA500,Outdoor,Hard,Quarterfinals,3,Noskova L.,Azarenka V.,102,26,620,1597,6,4,6,7,7,6,2,1,Completed,2.63,1.5,2.66,1.54,2.66,1.57,2.57,1.5
1,Adelaide,Adelaide International 1,1/6/23,WTA500,Outdoor,Hard,Quarterfinals,3,Jabeur O.,Kostyuk M.,2,69,5055,820,7,6,7,5,,,2,0,Completed,1.36,3.2,1.41,3.19,1.41,3.21,1.36,3.09
1,Adelaide,Adelaide International 1,1/7/23,WTA500,Outdoor,Hard,Semifinals,3,Sabalenka A.,Begu I.,5,34,3925,1347,6,3,6,2,,,2,0,Completed,1.36,3.2,1.39,3.3,1.39,3.45,1.35,3.16
1,Adelaide,Adelaide International 1,1/7/23,WTA500,Outdoor,Hard,Semifinals,3,Noskova L.,Jabeur O.,102,2,620,5055,6,3,1,6,6,3,2,1,Completed,3.5,1.3,3.61,1.34,3.61,1.38,3.36,1.32
1,Adelaide,Adelaide International 1,1/8/23,WTA500,Outdoor,Hard,The Final,3,Sabalenka A.,Noskova L.,5,102,3925,620,6,3,7,6,,,2,0,Completed,1.36,3.2,1.32,3.71,1.38,3.71,1.35,3.22
2,Auckland,ASB Classic,1/2/23,WTA250,Outdoor,Hard,1st Round,3,Zhu L.,Brengle M.,84,57,712,888,4,6,7,6,6,4,2,1,Completed,2.2,1.67,2.47,1.6,2.47,1.68,2.33,1.59
2,Auckland,ASB Classic,1/2/23,WTA250,Outdoor,Hard,1st Round,3,Marino R.,Galfi D.,63,83,859,715,6,3,7,6,,,2,0,Completed,1.44,2.75,1.41,3.11,1.46,3.11,1.42,2.83
2,Auckland,ASB Classic,1/2/23,WTA250,Outdoor,Hard,1st Round,3,Bonaventure Y.,Mcnally C.,95,93,651,661,5,7,6,4,6,4,2,1,Completed,2.63,1.5,2.71,1.52,2.96,1.53,2.61,1.49
2,Auckland,ASB Classic,1/2/23,WTA250,Outdoor,Hard,1st Round,3,Fernandez L.A.,Fruhvirtova B.,40,132,1193,470,6,1,6,1,,,2,0,Completed,1.36,3.2,1.42,3.1,1.42,3.17,1.38,2.98
2,Auckland,ASB Classic,1/2/23,WTA250,Outdoor,Hard,1st Round,3,Grabher J.,Martincova T.,82,71,729,800,5,7,6,1,6,2,2,1,Completed,3,1.4,3.23,1.39,3.34,1.44,3.03,1.37
2,Auckland,ASB Classic,1/2/23,WTA250,Outdoor,Hard,1st Round,3,Williams V.,Volynets K.,1003,113,13,556,7,6,6,2,,,2,0,Completed,3,1.4,3.4,1.36,3.4,1.4,3.03,1.37
2,Auckland,ASB Classic,1/3/23,WTA250,Outdoor,Hard,1st Round,3,Blinkova A.,Cocciaretto E.,73,64,794,850,6,4,4,6,7,5,2,1,Completed,2,1.8,2.03,1.86,2.08,1.89,1.97,1.82
2,Auckland,ASB Classic,1/3/23,WTA250,Outdoor,Hard,1st Round,3,Kuzmova V.,Pera B.,134,44,467,1097,6,4,6,4,,,2,0,Completed,2.2,1.67,2.3,1.68,2.3,1.73,2.2,1.65
2,Auckland,ASB Classic,1/3/23,WTA250,Outdoor,Hard,1st Round,3,Raducanu E.,Fruhvirtova L.,78,79,755,746,4,6,6,4,6,2,2,1,Completed,1.53,2.5,1.51,2.73,1.53,2.75,1.49,2.59
2,Auckland,ASB Classic,1/3/23,WTA250,Outdoor,Hard,1st Round,3,Ruse E.G.,Routliffe E.,116,855,547,21,6,2,4,6,6,4,2,1,Completed,1.05,11,1.04,15.93,1.07,15.93,1.04,10.73
2,Auckland,ASB Classic,1/3/23,WTA250,Outdoor,Hard,1st Round,3,Gauff C.,Maria T.,7,68,3646,824,6,4,6,1,,,2,0,Completed,1.13,6,1.11,7.91,1.14,7.91,1.11,6.38
2,Auckland,ASB Classic,1/4/23,WTA250,Outdoor,Hard,1st Round,3,Davis L.,Zidansek T.,87,85,706,709,6,2,6,1,,,2,0,Completed,1.67,2.2,1.7,2.26,1.71,2.3,1.66,2.21
2,Auckland,ASB Classic,1/4/23,WTA250,Outdoor,Hard,1st Round,3,Kenin S.,Wang Xin.,227,86,284,708,7,6,6,3,,,2,0,Completed,1.8,2,1.91,1.98,1.95,2.1,1.82,1.98
2,Auckland,ASB Classic,1/4/23,WTA250,Outdoor,Hard,1st Round,3,Muchova K.,Wang Xiy.,151,50,416,997,5,3,,,,,0,0,Retired,1.5,2.63,1.48,2.84,1.55,2.84,1.48,2.63
2,Auckland,ASB Classic,1/4/23,WTA250,Outdoor,Hard,1st Round,3,Kovinic D.,Hibino N.,60,138,879,451,6,1,6,4,,,2,0,Completed,2.5,1.53,2.67,1.53,2.67,1.57,2.51,1.51
2,Auckland,ASB Classic,1/4/23,WTA250,Outdoor,Hard,1st Round,3,Masarova R.,Stephens S.,130,37,476,1244,6,3,7,6,,,2,0,Completed,2.75,1.44,2.88,1.47,2.9,1.52,2.71,1.45
2,Auckland,ASB Classic,1/4/23,WTA250,Outdoor,Hard,2nd Round,3,Zhu L.,Williams V.,84,1003,712,13,3,6,6,2,7,5,2,1,Completed,1.44,2.75,1.46,2.9,1.5,2.9,1.43,2.78
2,Auckland,ASB Classic,1/5/23,WTA250,Outdoor,Hard,2nd Round,3,Kovinic D.,Davis L.,60,87,879,706,4,6,6,3,6,2,2,1,Completed,2.75,1.44,2.87,1.47,2.9,1.52,2.73,1.45
2,Auckland,ASB Classic,1/5/23,WTA250,Outdoor,Hard,2nd Round,3,Masarova R.,Blinkova A.,130,73,476,794,6,1,6,4,,,2,0,Completed,2.3,1.62,2.17,1.76,2.45,1.76,2.19,1.66
2,Auckland,ASB Classic,1/5/23,WTA250,Outdoor,Hard,2nd Round,3,Gauff C.,Kenin S.,7,227,3646,284,6,4,6,4,,,2,0,Completed,1.2,4.5,1.22,4.75,1.3,4.75,1.2,4.42
2,Auckland,ASB Classic,1/5/23,WTA250,Outdoor,Hard,2nd Round,3,Muchova K.,Ruse E.G.,151,116,416,547,6,4,6,1,,,2,0,Completed,1.36,3.2,1.34,3.51,1.38,3.51,1.33,3.26
2,Auckland,ASB Classic,1/5/23,WTA250,Outdoor,Hard,2nd Round,3,Kuzmova V.,Raducanu E.,134,78,467,755,0,6,7,5,,,1,1,Retired,2.75,1.44,2.92,1.46,2.96,1.46,2.81,1.42
2,Auckland,ASB Classic,1/5/23,WTA250,Outdoor,Hard,2nd Round,3,Bonaventure Y.,Marino R.,95,63,651,859,3,6,6,3,6,3,2,1,Completed,2.38,1.57,2.49,1.65,2.49,1.66,2.33,1.59
2,Auckland,ASB Classic,1/5/23,WTA250,Outdoor,Hard,2nd Round,3,Fernandez L.A.,Grabher J.,40,82,1193,729,6,0,6,1,,,2,0,Completed,1.14,5.5,1.16,6.01,1.2,6.01,1.15,5.36
2,Auckland,ASB Classic,1/6/23,WTA250,Outdoor,Hard,Quarterfinals,3,Gauff C.,Zhu L.,7,84,3646,712,6,3,6,2,,,2,0,Completed,1.08,8,1.11,8.12,1.13,8.12,1.1,6.93
2,Auckland,ASB Classic,1/6/23,WTA250,Outdoor,Hard,Quarterfinals,3,Kovinic D.,Kuzmova V.,60,134,879,467,6,3,6,2,,,2,0,Completed,2.1,1.73,2.2,1.76,2.2,1.84,2.11,1.72
2,Auckland,ASB Classic,1/6/23,WTA250,Outdoor,Hard,Quarterfinals,3,Bonaventure Y.,Fernandez L.A.,95,40,651,1193,6,4,6,2,,,2,0,Completed,3.5,1.3,4.29,1.26,4.29,1.31,3.82,1.26
2,Auckland,ASB Classic,1/6/23,WTA250,Outdoor,Hard,Quarterfinals,3,Masarova R.,Muchova K.,130,151,476,416,7,6,7,6,,,2,0,Completed,3,1.4,2.94,1.46,3.06,1.46,2.89,1.41
2,Auckland,ASB Classic,1/7/23,WTA250,Outdoor,Hard,Semifinals,3,Gauff C.,Kovinic D.,7,60,3646,879,6,0,6,2,,,2,0,Completed,1.14,5.5,1.18,5.75,1.19,5.85,1.15,5.43
2,Auckland,ASB Classic,1/7/23,WTA250,Outdoor,Hard,Semifinals,3,Masarova R.,Bonaventure Y.,130,95,476,651,6,3,6,3,,,2,0,Completed,1.8,2,1.88,2.03,1.88,2.1,1.8,2
2,Auckland,ASB Classic,1/8/23,WTA250,Outdoor,Hard,The Final,3,Gauff C.,Masarova R.,7,130,3646,476,6,1,6,1,,,2,0,Completed,1.17,5,1.2,5.21,1.2,5.45,1.18,4.9
3,Adelaide,Adelaide International 2,1/9/23,WTA500,Outdoor,Hard,1st Round,3,Kvitova P.,Rybakina E.,16,23,2176,1610,6,3,7,5,,,2,0,Completed,2.3,1.62,2.52,1.58,2.6,1.67,2.37,1.57
3,Adelaide,Adelaide International 2,1/9/23,WTA500,Outdoor,Hard,1st Round,3,Teichmann J.,Pavlyuchenkova A.,33,365,1350,141,7,5,6,4,,,2,0,Completed,1.53,2.5,1.6,2.44,1.62,2.55,1.55,2.42
3,Adelaide,Adelaide International 2,1/9/23,WTA500,Outdoor,Hard,1st Round,3,Collins D.,Pliskova Ka.,14,31,2288,1426,6,2,6,4,,,2,0,Completed,2,1.8,1.91,1.98,2,2,1.89,1.9
3,Adelaide,Adelaide International 2,1/9/23,WTA500,Outdoor,Hard,1st Round,3,Haddad Maia B.,Cirstea S.,15,43,2215,1112,7,6,6,1,,,2,0,Completed,1.5,2.63,1.6,2.48,1.62,2.63,1.55,2.44
3,Adelaide,Adelaide International 2,1/9/23,WTA500,Outdoor,Hard,1st Round,3,Alexandrova E.,Fourlis J.,20,160,1910,389,7,5,6,3,,,2,0,Completed,1.1,7,1.13,7.15,1.13,7.15,1.11,6.46
3,Adelaide,Adelaide International 2,1/9/23,WTA500,Outdoor,Hard,1st Round,3,Bencic B.,Muguruza G.,13,58,2365,923,6,3,6,4,,,2,0,Completed,1.33,3.4,1.37,3.31,1.4,3.55,1.34,3.21
3,Adelaide,Adelaide International 2,1/10/23,WTA500,Outdoor,Hard,1st Round,3,Zheng Q.,Rogers S.,30,53,1455,990,4,6,6,4,6,0,2,1,Completed,1.57,2.38,1.62,2.43,1.63,2.51,1.58,2.36
3,Adelaide,Adelaide International 2,1/10/23,WTA500,Outdoor,Hard,1st Round,3,Anisimova A.,Samsonova L.,29,19,1467,1964,7,5,6,3,,,2,0,Completed,2.75,1.44,3.18,1.4,3.25,1.46,2.93,1.39
3,Adelaide,Adelaide International 2,1/10/23,WTA500,Outdoor,Hard,1st Round,3,Krejcikova B.,Riske-Amritraj A.,21,41,1850,1180,6,2,7,6,,,2,0,Completed,1.33,3.4,1.35,3.44,1.35,3.58,1.32,3.32
3,Adelaide,Adelaide International 2,1/10/23,WTA500,Outdoor,Hard,1st Round,3,Kalinskaya A.,Ostapenko J.,64,18,869,2040,6,3,6,4,,,2,0,Completed,1.8,2,1.94,1.94,1.94,2.05,1.85,1.94
3,Adelaide,Adelaide International 2,1/10/23,WTA500,Outdoor,Hard,1st Round,3,Siniakova K.,Potapova A.,48,45,1000,1079,6,1,1,0,,,1,0,Retired,1.91,1.91,1.87,2.03,2,2.03,1.89,1.89
3,Adelaide,Adelaide International 2,1/10/23,WTA500,Outdoor,Hard,1st Round,3,Kudermetova V.,Azarenka V.,9,25,2715,1597,2,6,7,6,6,4,2,1,Completed,1.57,2.38,1.65,2.37,1.67,2.38,1.6,2.31
3,Adelaide,Adelaide International 2,1/10/23,WTA500,Outdoor,Hard,1st Round,3,Kanepi K.,Sanders S.,32,227,1405,280,6,2,6,2,,,2,0,Completed,1.3,3.5,1.32,3.65,1.32,3.65,1.29,3.48
3,Adelaide,Adelaide International 2,1/10/23,WTA500,Outdoor,Hard,1st Round,3,Badosa P.,Kontaveit A.,11,17,2387,2093,6,4,6,3,,,2,0,Completed,2.2,1.67,2.19,1.75,2.25,1.75,2.14,1.69
3,Adelaide,Adelaide International 2,1/11/23,WTA500,Outdoor,Hard,2nd Round,3,Collins D.,Teichmann J.,14,33,2288,1350,6,3,7,6,,,2,0,Completed,1.33,3.4,1.38,3.27,1.44,3.27,1.37,3.1
3,Adelaide,Adelaide International 2,1/11/23,WTA500,Outdoor,Hard,2nd Round,3,Kvitova P.,Zheng Q.,16,30,2176,1455,7,6,,,,,1,0,Retired,1.53,2.5,1.62,2.43,1.69,2.43,1.62,2.3
3,Adelaide,Adelaide International 2,1/11/23,WTA500,Outdoor,Hard,2nd Round,3,Bencic B.,Kalinskaya A.,13,64,2365,869,6,3,6,3,,,2,0,Completed,1.33,3.4,1.35,3.44,1.4,3.44,1.36,3.17
3,Adelaide,Adelaide International 2,1/11/23,WTA500,Outdoor,Hard,2nd Round,3,Haddad Maia B.,Anisimova A.,15,29,2215,1467,6,4,7,5,,,2,0,Completed,1.8,2,1.84,2.06,1.88,2.08,1.81,2.01
3,Adelaide,Adelaide International 2,1/11/23,WTA500,Outdoor,Hard,2nd Round,3,Kasatkina D.,Krejcikova B.,8,21,3380,1850,6,2,7,5,,,2,0,Completed,2.1,1.73,2.15,1.78,2.2,1.81,2.12,1.73
3,Adelaide,Adelaide International 2,1/11/23,WTA500,Outdoor,Hard,2nd Round,3,Badosa P.,Kanepi K.,11,32,2387,1405,6,1,7,5,,,2,0,Completed,1.44,2.75,1.53,2.68,1.59,2.79,1.5,2.56
3,Adelaide,Adelaide International 2,1/11/23,WTA500,Outdoor,Hard,2nd Round,3,Kudermetova V.,Alexandrova E.,9,20,2715,1910,,,,,,,,,Walkover,1.5,2.63,1.51,2.72,1.55,2.72,1.49,2.58
3,Adelaide,Adelaide International 2,1/11/23,WTA500,Outdoor,Hard,2nd Round,3,Garcia C.,Siniakova K.,4,48,4415,1000,6,3,3,6,7,5,2,1,Completed,1.29,3.75,1.37,3.31,1.37,3.6,1.34,3.23
3,Adelaide,Adelaide International 2,1/12/23,WTA500,Outdoor,Hard,Quarterfinals,3,Kasatkina D.,Kvitova P.,8,16,3380,2176,6,3,7,6,,,2,0,Completed,2.1,1.73,2.19,1.76,2.2,2.02,2.11,1.72
3,Adelaide,Adelaide International 2,1/12/23,WTA500,Outdoor,Hard,Quarterfinals,3,Badosa P.,Haddad Maia B.,11,15,2387,2215,7,6,7,5,,,2,0,Completed,1.67,2.2,1.7,2.29,1.76,2.38,1.68,2.18
3,Adelaide,Adelaide International 2,1/12/23,WTA500,Outdoor,Hard,Quarterfinals,3,Kudermetova V.,Collins D.,9,14,2715,2288,4,6,7,6,6,1,2,1,Completed,1.8,2,1.88,2.02,1.88,2.17,1.81,1.98
3,Adelaide,Adelaide International 2,1/12/23,WTA500,Outdoor,Hard,Quarterfinals,3,Bencic B.,Garcia C.,13,4,2365,4415,6,2,3,6,6,4,2,1,Completed,1.67,2.2,1.75,2.21,1.76,2.31,1.68,2.17
3,Adelaide,Adelaide International 2,1/13/23,WTA500,Outdoor,Hard,Semifinals,3,Kasatkina D.,Badosa P.,8,11,3380,2387,,,,,,,,,Walkover,2.1,1.73,2.08,1.84,2.17,1.86,2.05,1.77
3,Adelaide,Adelaide International 2,1/13/23,WTA500,Outdoor,Hard,Semifinals,3,Bencic B.,Kudermetova V.,13,9,2365,2715,,,,,,,,,Walkover,1.67,2.2,1.73,2.24,1.76,2.28,1.68,2.17
3,Adelaide,Adelaide International 2,1/14/23,WTA500,Outdoor,Hard,The Final,3,Bencic B.,Kasatkina D.,13,8,2365,3380,6,0,6,2,,,2,0,Completed,1.57,2.38,1.57,2.59,1.57,2.62,1.53,2.48
4,Hobart,Hobart International,1/9/23,WTA250,Outdoor,Hard,1st Round,3,Kalinina A.,Marino R.,40,66,1197,859,6,2,6,1,,,2,0,Completed,1.4,3,1.4,3.2,1.42,3.2,1.38,3
4,Hobart,Hobart International,1/9/23,WTA250,Outdoor,Hard,1st Round,3,Siegemund L.,Martincova T.,170,73,368,800,5,7,6,1,6,2,2,1,Completed,2.5,1.53,2.76,1.5,2.76,1.53,2.61,1.49
4,Hobart,Hobart International,1/9/23,WTA250,Outdoor,Hard,1st Round,3,Davis L.,Stephens S.,84,36,734,1244,6,2,6,2,,,2,0,Completed,2.1,1.73,2.1,1.81,2.2,1.81,2.08,1.74
4,Hobart,Hobart International,1/9/23,WTA250,Outdoor,Hard,1st Round,3,Maria T.,Gibson T.,71,340,824,157,6,3,6,2,,,2,0,Completed,1.17,5,1.22,4.84,1.23,5.25,1.19,4.64
4,Hobart,Hobart International,1/9/23,WTA250,Outdoor,Hard,1st Round,3,Bouzkova M.,Cristian J.,26,143,1552,442,7,6,6,3,,,2,0,Completed,1.13,6,1.15,6.42,1.17,6.42,1.13,5.82
4,Hobart,Hobart International,1/9/23,WTA250,Outdoor,Hard,1st Round,3,Wang Xin.,Gadecki O.,89,200,698,326,6,4,7,5,,,2,0,Completed,1.5,2.63,1.49,2.81,1.5,2.88,1.45,2.72
4,Hobart,Hobart International,1/9/23,WTA250,Outdoor,Hard,1st Round,3,Paolini J.,Tig P.M.,65,790,867,28,6,3,6,1,,,2,0,Completed,1.11,6.5,1.15,6.35,1.15,7.9,1.12,6.05
4,Hobart,Hobart International,1/10/23,WTA250,Outdoor,Hard,1st Round,3,Putintseva Y.,Liu C.,51,59,995,912,6,2,6,4,,,2,0,Completed,2.1,1.73,2.05,1.85,2.12,1.88,2.02,1.77
4,Hobart,Hobart International,1/10/23,WTA250,Outdoor,Hard,1st Round,3,Parrizas Diaz N.,Sherif M.,77,52,772,991,2,6,6,2,6,1,2,1,Completed,1.57,2.38,1.59,2.49,1.6,2.55,1.56,2.4
4,Hobart,Hobart International,1/10/23,WTA250,Outdoor,Hard,1st Round,3,Cocciaretto E.,Cornet A.,67,34,850,1347,6,4,6,2,,,2,0,Completed,2.2,1.67,2.35,1.66,2.35,1.73,2.21,1.65
4,Hobart,Hobart International,1/10/23,WTA250,Outdoor,Hard,1st Round,3,Pera B.,Brengle M.,44,62,1086,876,6,4,6,4,,,2,0,Completed,2,1.8,1.93,1.95,2.05,1.95,1.95,1.84
4,Hobart,Hobart International,1/10/23,WTA250,Outdoor,Hard,1st Round,3,Bonaventure Y.,Zidansek T.,92,88,679,709,6,7,6,2,6,2,2,1,Completed,1.73,2.1,1.73,2.22,1.76,2.22,1.72,2.11
4,Hobart,Hobart International,1/10/23,WTA250,Outdoor,Hard,1st Round,3,Kenin S.,Zhu L.,280,85,214,724,6,2,6,2,,,2,0,Completed,1.53,2.5,1.55,2.61,1.62,2.61,1.53,2.47
4,Hobart,Hobart International,1/10/23,WTA250,Outdoor,Hard,1st Round,3,Blinkova A.,Bronzetti L.,72,50,809,996,6,4,6,3,,,2,0,Completed,1.44,2.75,1.51,2.74,1.51,2.8,1.45,2.7
4,Hobart,Hobart International,1/10/23,WTA250,Outdoor,Hard,1st Round,3,Zanevska M.,Mertens E.,87,27,715,1475,6,4,6,4,,,2,0,Completed,3.4,1.33,2.99,1.44,3.4,1.45,2.91,1.4
4,Hobart,Hobart International,1/10/23,WTA250,Outdoor,Hard,1st Round,3,Van Uytvanck A.,Linette M.,70,46,828,1060,6,4,1,6,6,4,2,1,Completed,3,1.4,2.89,1.47,3.04,1.47,2.85,1.41
4,Hobart,Hobart International,1/11/23,WTA250,Outdoor,Hard,2nd Round,3,Pera B.,Siegemund L.,44,170,1086,368,6,4,6,7,6,4,2,1,Completed,1.44,2.75,1.51,2.74,1.51,2.9,1.46,2.72
4,Hobart,Hobart International,1/11/23,WTA250,Outdoor,Hard,2nd Round,3,Cocciaretto E.,Paolini J.,67,65,850,867,6,2,6,1,,,2,0,Completed,1.8,2,1.87,2.02,1.87,2.06,1.81,2
4,Hobart,Hobart International,1/11/23,WTA250,Outdoor,Hard,2nd Round,3,Kalinina A.,Maria T.,40,71,1197,824,4,6,6,3,6,3,2,1,Completed,1.2,4.5,1.22,4.83,1.22,4.95,1.2,4.54
4,Hobart,Hobart International,1/11/23,WTA250,Outdoor,Hard,2nd Round,3,Davis L.,Bonaventure Y.,84,92,734,679,7,6,6,3,,,2,0,Completed,1.53,2.5,1.55,2.6,1.6,2.6,1.55,2.42
4,Hobart,Hobart International,1/11/23,WTA250,Outdoor,Hard,2nd Round,3,Kenin S.,Zanevska M.,280,87,214,715,6,2,6,3,,,2,0,Completed,1.62,2.3,1.68,2.3,1.71,2.53,1.64,2.26
4,Hobart,Hobart International,1/11/23,WTA250,Outdoor,Hard,2nd Round,3,Blinkova A.,Bouzkova M.,72,26,809,1552,7,5,6,4,,,2,0,Completed,3,1.4,3.33,1.37,3.33,1.42,3.09,1.36
4,Hobart,Hobart International,1/11/23,WTA250,Outdoor,Hard,2nd Round,3,Wang Xin.,Van Uytvanck A.,89,70,698,828,7,5,4,6,6,3,2,1,Completed,2.3,1.62,2.33,1.67,2.4,1.73,2.24,1.64
4,Hobart,Hobart International,1/11/23,WTA250,Outdoor,Hard,2nd Round,3,Putintseva Y.,Parrizas Diaz N.,51,77,995,772,6,2,6,3,,,2,0,Completed,1.57,2.38,1.7,2.27,1.7,2.45,1.59,2.34
4,Hobart,Hobart International,1/12/23,WTA250,Outdoor,Hard,Quarterfinals,3,Cocciaretto E.,Pera B.,67,44,850,1086,5,7,7,6,6,4,2,1,Completed,1.73,2.1,1.81,2.12,1.93,2.15,1.76,2.04
4,Hobart,Hobart International,1/12/23,WTA250,Outdoor,Hard,Quarterfinals,3,Kenin S.,Kalinina A.,280,40,214,1197,4,6,6,3,6,1,2,1,Completed,2.1,1.73,2.15,1.79,2.15,1.83,2.07,1.75
4,Hobart,Hobart International,1/12/23,WTA250,Outdoor,Hard,Quarterfinals,3,Blinkova A.,Putintseva Y.,72,51,809,995,6,3,6,4,,,2,0,Completed,2,1.8,2.15,1.79,2.16,1.86,2.02,1.78
4,Hobart,Hobart International,1/12/23,WTA250,Outdoor,Hard,Quarterfinals,3,Davis L.,Wang Xin.,84,89,734,698,6,3,6,3,,,2,0,Completed,1.57,2.38,1.64,2.42,1.64,2.6,1.56,2.4
4,Hobart,Hobart International,1/13/23,WTA250,Outdoor,Hard,Semifinals,3,Cocciaretto E.,Kenin S.,67,280,850,214,7,5,4,6,6,1,2,1,Completed,2.5,1.53,2.56,1.58,2.65,1.7,2.46,1.54
4,Hobart,Hobart International,1/13/23,WTA250,Outdoor,Hard,Semifinals,3,Davis L.,Blinkova A.,84,72,734,809,6,3,6,3,,,2,0,Completed,1.8,2,1.83,2.09,1.86,2.16,1.78,2.04
4,Hobart,Hobart International,1/14/23,WTA250,Outdoor,Hard,The Final,3,Davis L.,Cocciaretto E.,84,67,734,850,7,6,6,2,,,2,0,Completed,2,1.8,1.86,2.06,2,2.06,1.84,1.97
5,Melbourne,Australian Open,1/16/23,Grand Slam,Outdoor,Hard,1st Round,3,Bucsa C.,Lys E.,100,126,611,507,2,6,6,0,6,2,2,1,Completed,1.8,2,1.99,1.89,2.01,2.05,1.92,1.89
5,Melbourne,Australian Open,1/16/23,Grand Slam,Outdoor,Hard,1st Round,3,Shnaider D.,Kucova K.,106,272,593,227,7,6,7,5,,,2,0,Completed,1.25,4,1.25,4.35,1.29,4.5,1.23,4.15
5,Melbourne,Australian Open,1/16/23,Grand Slam,Outdoor,Hard,1st Round,3,Collins D.,Kalinskaya A.,11,59,2388,948,7,5,5,7,6,4,2,1,Completed,1.4,3,1.44,2.98,1.44,3.1,1.41,2.95
5,Melbourne,Australian Open,1/16/23,Grand Slam,Outdoor,Hard,1st Round,3,Pegula J.,Cristian J.,3,161,5000,388,6,0,6,1,,,2,0,Completed,1.06,10,1.06,12.42,1.07,12.54,1.06,9.87
5,Melbourne,Australian Open,1/16/23,Grand Slam,Outdoor,Hard,1st Round,3,Gadecki O.,Kudermetova P.,199,182,326,353,7,5,6,1,,,2,0,Completed,2.5,1.53,2.49,1.6,2.6,1.6,2.5,1.53
5,Melbourne,Australian Open,1/16/23,Grand Slam,Outdoor,Hard,1st Round,3,Kostyuk M.,Anisimova A.,61,27,915,1535,6,3,6,4,,,2,0,Completed,2,1.8,1.95,1.93,2.05,1.93,1.97,1.85
5,Melbourne,Australian Open,1/16/23,Grand Slam,Outdoor,Hard,1st Round,3,Andreescu B.,Bouzkova M.,43,26,1121,1581,6,2,6,4,,,2,0,Completed,1.73,2.1,1.81,2.1,1.83,2.2,1.74,2.1
5,Melbourne,Australian Open,1/16/23,Grand Slam,Outdoor,Hard,1st Round,3,Raducanu E.,Korpatsch T.,77,76,784,787,6,3,6,2,,,2,0,Completed,1.17,5,1.17,5.82,1.19,7,1.16,5.32
5,Melbourne,Australian Open,1/16/23,Grand Slam,Outdoor,Hard,1st Round,3,Gauff C.,Siniakova K.,7,46,3762,1055,6,1,6,4,,,2,0,Completed,1.29,3.75,1.28,4.02,1.32,4.02,1.28,3.72
5,Melbourne,Australian Open,1/16/23,Grand Slam,Outdoor,Hard,1st Round,3,Sakkari M.,Yuan Y.,6,117,3921,538,6,1,6,4,,,2,0,Completed,1.13,6,1.15,6.38,1.16,6.67,1.13,6.05
5,Melbourne,Australian Open,1/16/23,Grand Slam,Outdoor,Hard,1st Round,3,Pera B.,Uchijima M.,41,116,1145,546,2,6,6,3,6,1,2,1,Completed,1.25,4,1.28,4.01,1.28,4.3,1.25,3.96
5,Melbourne,Australian Open,1/16/23,Grand Slam,Outdoor,Hard,1st Round,3,Burel C.,Gibson T.,130,344,499,157,6,3,6,4,,,2,0,Completed,1.14,5.5,1.15,6.25,1.17,6.25,1.14,5.67
5,Melbourne,Australian Open,1/16/23,Grand Slam,Outdoor,Hard,1st Round,3,Kvitova P.,Van Uytvanck A.,15,68,2221,846,7,6,6,2,,,2,0,Completed,1.25,4,1.23,4.59,1.3,4.75,1.23,4.15
5,Melbourne,Australian Open,1/16/23,Grand Slam,Outdoor,Hard,1st Round,3,Muchova K.,Tsurenko L.,133,134,476,473,6,2,6,1,,,2,0,Completed,1.62,2.3,1.71,2.24,1.72,2.38,1.65,2.26
5,Melbourne,Australian Open,1/16/23,Grand Slam,Outdoor,Hard,1st Round,3,Kalinina A.,Vandeweghe C.,39,139,1227,451,6,3,6,1,,,2,0,Completed,1.33,3.4,1.36,3.41,1.4,3.48,1.34,3.28
5,Melbourne,Australian Open,1/16/23,Grand Slam,Outdoor,Hard,1st Round,3,Azarenka V.,Kenin S.,24,203,1598,323,6,4,7,6,,,2,0,Completed,1.44,2.75,1.48,2.83,1.48,3,1.44,2.82
5,Melbourne,Australian Open,1/16/23,Grand Slam,Outdoor,Hard,1st Round,3,Ostapenko J.,Yastremska D.,17,101,2040,611,6,4,6,2,,,2,0,Completed,1.4,3,1.41,3.11,1.45,3.12,1.41,2.92
5,Melbourne,Australian Open,1/16/23,Grand Slam,Outdoor,Hard,1st Round,3,Sasnovich A.,Fruhvirtova B.,38,136,1231,471,7,5,6,2,,,2,0,Completed,1.44,2.75,1.44,2.97,1.46,3.05,1.42,2.9
5,Melbourne,Australian Open,1/16/23,Grand Slam,Outdoor,Hard,1st Round,3,Zheng Q.,Galfi D.,28,88,1534,715,6,0,6,2,,,2,0,Completed,1.13,6,1.11,7.71,1.15,7.71,1.11,6.7
5,Melbourne,Australian Open,1/16/23,Grand Slam,Outdoor,Hard,1st Round,3,Bondar A.,Bogdan A.,81,63,756,910,6,2,2,6,6,3,2,1,Completed,3,1.4,3.17,1.4,3.17,1.41,3.02,1.39
5,Melbourne,Australian Open,1/16/23,Grand Slam,Outdoor,Hard,1st Round,3,Krejcikova B.,Bejlek S.,23,175,1600,363,6,3,6,1,,,2,0,Completed,1.2,4.5,1.2,5.11,1.23,5.11,1.2,4.63
5,Melbourne,Australian Open,1/16/23,Grand Slam,Outdoor,Hard,1st Round,3,Baindl K.,Rakhimova K.,95,110,638,585,7,5,6,7,6,1,2,1,Completed,1.91,1.91,1.89,2,1.95,2,1.88,1.93
5,Melbourne,Australian Open,1/16/23,Grand Slam,Outdoor,Hard,1st Round,3,Osorio M.,Udvardy P.,84,89,744,695,6,4,6,1,,,2,0,Completed,1.4,3,1.41,3.1,1.45,3.1,1.41,2.94
5,Melbourne,Australian Open,1/16/23,Grand Slam,Outdoor,Hard,1st Round,3,Mcnally C.,Pigossi L.,94,112,661,559,7,5,6,1,,,2,0,Completed,1.17,5,1.17,5.74,1.18,5.75,1.16,5.25
5,Melbourne,Australian Open,1/16/23,Grand Slam,Outdoor,Hard,1st Round,3,Podoroska N.,Jeanjean L.,191,109,335,589,6,0,6,3,,,2,0,Completed,1.91,1.91,1.94,1.94,1.95,2.1,1.89,1.92
5,Melbourne,Australian Open,1/16/23,Grand Slam,Outdoor,Hard,1st Round,3,Rybakina E.,Cocciaretto E.,25,48,1585,1015,7,5,6,3,,,2,0,Completed,1.36,3.2,1.34,3.41,1.36,3.55,1.34,3.28
5,Melbourne,Australian Open,1/16/23,Grand Slam,Outdoor,Hard,1st Round,3,Teichmann J.,Dart H.,33,96,1429,637,7,5,6,1,,,2,0,Completed,1.5,2.63,1.53,2.66,1.55,2.7,1.51,2.6
5,Melbourne,Australian Open,1/16/23,Grand Slam,Outdoor,Hard,1st Round,3,Zhu L.,Marino R.,87,67,724,859,6,2,6,4,,,2,0,Completed,2.2,1.67,2.23,1.72,2.3,1.72,2.22,1.67
5,Melbourne,Australian Open,1/16/23,Grand Slam,Outdoor,Hard,1st Round,3,Juvan K.,Janicijevic S.,104,185,603,345,7,5,6,1,,,2,0,Completed,1.33,3.4,1.41,3.14,1.41,3.42,1.36,3.16
5,Melbourne,Australian Open,1/16/23,Grand Slam,Outdoor,Hard,1st Round,3,Swiatek I.,Niemeier J.,1,69,11025,845,6,4,7,5,,,2,0,Completed,1.06,10,1.08,10.55,1.1,15.01,1.07,9.17
5,Melbourne,Australian Open,1/16/23,Grand Slam,Outdoor,Hard,1st Round,3,Wang Xin.,Sanders S.,79,239,768,263,7,6,6,4,,,2,0,Completed,1.62,2.3,1.62,2.43,1.83,2.43,1.63,2.3
5,Melbourne,Australian Open,1/16/23,Grand Slam,Outdoor,Hard,1st Round,3,Keys M.,Blinkova A.,13,60,2318,922,6,4,3,6,6,2,2,1,Completed,1.22,4.33,1.23,4.67,1.25,4.67,1.22,4.27
5,Melbourne,Australian Open,1/17/23,Grand Slam,Outdoor,Hard,1st Round,3,Rogers S.,Hartono A.,51,240,1002,263,6,4,6,3,,,2,0,Completed,1.14,5.5,1.16,5.89,1.16,6.5,1.15,5.58
5,Melbourne,Australian Open,1/17/23,Grand Slam,Outdoor,Hard,1st Round,3,Schmiedlova A.,Trevisan M.,105,21,603,1672,6,3,6,2,,,2,0,Completed,1.91,1.91,2,1.89,2.1,1.91,1.95,1.86
5,Melbourne,Australian Open,1/17/23,Grand Slam,Outdoor,Hard,1st Round,3,Alexandrova E.,Bonaventure Y.,18,90,1910,694,6,2,6,1,,,2,0,Completed,1.4,3,1.35,3.43,1.4,3.43,1.37,3.08
5,Melbourne,Australian Open,1/17/23,Grand Slam,Outdoor,Hard,1st Round,3,Giorgi C.,Pavlyuchenkova A.,70,364,836,142,6,0,6,1,,,2,0,Completed,1.8,2,1.75,2.19,1.87,2.21,1.74,2.1
5,Melbourne,Australian Open,1/17/23,Grand Slam,Outdoor,Hard,1st Round,3,Fernandez L.A.,Cornet A.,40,34,1198,1347,7,5,6,2,,,2,0,Completed,1.57,2.38,1.64,2.4,1.7,2.43,1.6,2.35
5,Melbourne,Australian Open,1/17/23,Grand Slam,Outdoor,Hard,1st Round,3,Mertens E.,Muguruza G.,32,73,1449,824,3,6,7,6,6,1,2,1,Completed,2,1.8,2.05,1.85,2.15,1.85,2.06,1.78
5,Melbourne,Australian Open,1/17/23,Grand Slam,Outdoor,Hard,1st Round,3,Birrell K.,Kanepi K.,167,29,374,1472,3,6,7,6,6,1,2,1,Completed,5.5,1.14,5.25,1.19,5.75,1.2,5.2,1.17
5,Melbourne,Australian Open,1/17/23,Grand Slam,Outdoor,Hard,1st Round,3,Townsend T.,Parry D.,135,107,471,590,6,1,6,1,,,2,0,Completed,1.44,2.75,1.54,2.64,1.55,2.92,1.5,2.61
5,Melbourne,Australian Open,1/17/23,Grand Slam,Outdoor,Hard,1st Round,3,Sabalenka A.,Martincova T.,5,74,4340,800,6,1,6,4,,,2,0,Completed,1.08,8,1.09,9.06,1.11,9.06,1.09,7.59
5,Melbourne,Australian Open,1/17/23,Grand Slam,Outdoor,Hard,1st Round,3,Fruhvirtova L.,Fourlis J.,82,160,746,389,6,0,6,4,,,2,0,Completed,1.25,4,1.31,3.79,1.31,4.21,1.27,3.77
5,Melbourne,Australian Open,1/17/23,Grand Slam,Outdoor,Hard,1st Round,3,Garcia C.,Sebov K.,4,190,4415,338,6,3,6,0,,,2,0,Completed,1.11,6.5,1.15,6.48,1.16,7,1.12,6.23
5,Melbourne,Australian Open,1/17/23,Grand Slam,Outdoor,Hard,1st Round,3,Volynets K.,Rodina E.,113,445,556,101,6,3,6,2,,,2,0,Completed,1.36,3.2,1.36,3.4,1.39,3.5,1.35,3.24
5,Melbourne,Australian Open,1/17/23,Grand Slam,Outdoor,Hard,1st Round,3,Kontaveit A.,Grabher J.,19,85,1909,744,6,2,6,3,,,2,0,Completed,1.08,8,1.09,9.3,1.09,9.5,1.08,8.07
5,Melbourne,Australian Open,1/17/23,Grand Slam,Outdoor,Hard,1st Round,3,Pliskova Ka.,Wang Xiy.,31,53,1450,993,6,1,6,3,,,2,0,Completed,1.29,3.75,1.31,3.76,1.31,3.9,1.29,3.64
5,Melbourne,Australian Open,1/17/23,Grand Slam,Outdoor,Hard,1st Round,3,Kudermetova V.,Zanevska M.,9,80,2800,762,6,2,7,6,,,2,0,Completed,1.17,5,1.18,5.53,1.19,5.72,1.17,5.1
5,Melbourne,Australian Open,1/17/23,Grand Slam,Outdoor,Hard,1st Round,3,Martic P.,Golubic V.,37,83,1237,744,6,3,6,4,,,2,0,Completed,1.73,2.1,1.77,2.15,1.78,2.2,1.73,2.12
5,Melbourne,Australian Open,1/17/23,Grand Slam,Outdoor,Hard,1st Round,3,Samsonova L.,Paolini J.,20,66,1905,867,6,2,6,4,,,2,0,Completed,1.14,5.5,1.19,5.27,1.19,5.6,1.17,5.17
5,Melbourne,Australian Open,1/17/23,Grand Slam,Outdoor,Hard,1st Round,3,Putintseva Y.,Cirstea S.,47,42,1054,1136,2,6,6,4,6,3,2,1,Completed,2.1,1.73,2.1,1.81,2.21,1.83,2.1,1.74
5,Melbourne,Australian Open,1/17/23,Grand Slam,Outdoor,Hard,1st Round,3,Jabeur O.,Zidansek T.,2,98,5140,617,7,6,4,6,6,1,2,1,Completed,1.1,7,1.12,7.6,1.13,7.6,1.11,6.84
5,Melbourne,Australian Open,1/17/23,Grand Slam,Outdoor,Hard,1st Round,3,Bencic B.,Tomova V.,10,91,2735,682,6,1,6,2,,,2,0,Completed,1.05,11,1.05,14.58,1.05,14.58,1.04,11.56
5,Melbourne,Australian Open,1/18/23,Grand Slam,Outdoor,Hard,1st Round,3,Stefanini L.,Maria T.,141,71,447,834,3,6,7,5,6,4,2,1,Completed,2.3,1.62,2.54,1.56,2.6,1.66,2.42,1.57
5,Melbourne,Australian Open,1/18/23,Grand Slam,Outdoor,Hard,1st Round,3,Vekic D.,Selekhmeteva O.,64,179,906,356,6,2,2,6,7,6,2,1,Completed,1.29,3.75,1.32,3.69,1.32,3.8,1.3,3.59
5,Melbourne,Australian Open,1/18/23,Grand Slam,Outdoor,Hard,1st Round,3,Begu I.,Mandlik E.,30,129,1472,500,3,6,7,6,6,2,2,1,Completed,1.22,4.33,1.21,4.9,1.23,4.9,1.21,4.4
5,Melbourne,Australian Open,1/18/23,Grand Slam,Outdoor,Hard,1st Round,3,Siegemund L.,Bronzetti L.,158,52,397,996,2,6,6,4,6,3,2,1,Completed,2,1.8,2.16,1.75,2.17,1.85,2.07,1.76
5,Melbourne,Australian Open,1/18/23,Grand Slam,Outdoor,Hard,1st Round,3,Davis L.,Kovinic D.,57,55,954,966,1,6,7,5,6,1,2,1,Completed,1.44,2.75,1.42,3.07,1.44,3.25,1.39,3.01
5,Melbourne,Australian Open,1/18/23,Grand Slam,Outdoor,Hard,1st Round,3,Potapova A.,Stephens S.,44,36,1079,1244,7,6,6,4,,,2,0,Completed,2,1.8,2.09,1.82,2.15,1.82,2.03,1.8
5,Melbourne,Australian Open,1/18/23,Grand Slam,Outdoor,Hard,1st Round,3,Linette M.,Sherif M.,45,54,1060,991,7,5,6,1,,,2,0,Completed,1.22,4.33,1.24,4.42,1.25,4.8,1.22,4.28
5,Melbourne,Australian Open,1/18/23,Grand Slam,Outdoor,Hard,1st Round,3,Vondrousova M.,Riske-Amritraj A.,86,49,732,1013,5,7,6,1,6,4,2,1,Completed,1.2,4.5,1.22,4.85,1.27,4.85,1.21,4.42
5,Melbourne,Australian Open,1/18/23,Grand Slam,Outdoor,Hard,1st Round,3,Zhang S.,Tig P.M.,22,777,1600,29,6,1,4,6,6,0,2,1,Completed,1.08,8,1.1,7.97,1.11,8.81,1.09,7.52
5,Melbourne,Australian Open,1/18/23,Grand Slam,Outdoor,Hard,1st Round,3,Gracheva V.,Kasatkina D.,97,8,630,3500,6,1,6,1,,,2,0,Completed,6,1.13,7.09,1.13,7.1,1.15,6.46,1.12
5,Melbourne,Australian Open,1/18/23,Grand Slam,Outdoor,Hard,1st Round,3,Liu C.,Brengle M.,62,72,912,831,6,3,6,4,,,2,0,Completed,1.62,2.3,1.67,2.32,1.68,2.5,1.63,2.29
5,Melbourne,Australian Open,1/18/23,Grand Slam,Outdoor,Hard,1st Round,3,Parrizas Diaz N.,Haddad Maia B.,75,14,790,2255,7,6,6,2,,,2,0,Completed,4.5,1.2,4.89,1.21,4.95,1.22,4.58,1.2
5,Melbourne,Australian Open,1/18/23,Grand Slam,Outdoor,Hard,2nd Round,3,Bucsa C.,Andreescu B.,100,43,611,1121,2,6,7,6,6,4,2,1,Completed,5,1.17,6.17,1.15,6.17,1.2,5.29,1.16
5,Melbourne,Australian Open,1/18/23,Grand Slam,Outdoor,Hard,2nd Round,3,Ostapenko J.,Bondar A.,17,81,2040,756,7,6,5,7,6,0,2,1,Completed,1.2,4.5,1.2,4.98,1.24,5,1.2,4.62
5,Melbourne,Australian Open,1/18/23,Grand Slam,Outdoor,Hard,2nd Round,3,Sakkari M.,Shnaider D.,6,106,3921,593,3,6,7,5,6,3,2,1,Completed,1.17,5,1.17,5.53,1.23,5.53,1.18,4.94
5,Melbourne,Australian Open,1/18/23,Grand Slam,Outdoor,Hard,2nd Round,3,Swiatek I.,Osorio M.,1,84,11025,744,6,2,6,3,,,2,0,Completed,1.04,13,1.04,17.5,1.05,17.5,1.03,12.47
5,Melbourne,Australian Open,1/18/23,Grand Slam,Outdoor,Hard,2nd Round,3,Zhu L.,Teichmann J.,87,33,724,1429,6,2,6,2,,,2,0,Completed,2.75,1.44,3,1.43,3.01,1.46,2.86,1.43
5,Melbourne,Australian Open,1/18/23,Grand Slam,Outdoor,Hard,2nd Round,3,Pegula J.,Sasnovich A.,3,38,5000,1231,6,2,7,6,,,2,0,Completed,1.14,5.5,1.15,6.1,1.17,6.4,1.14,5.64
5,Melbourne,Australian Open,1/18/23,Grand Slam,Outdoor,Hard,2nd Round,3,Kalinina A.,Kvitova P.,39,15,1227,2221,7,5,6,4,,,2,0,Completed,2.5,1.53,2.45,1.6,2.62,1.63,2.42,1.57
5,Melbourne,Australian Open,1/18/23,Grand Slam,Outdoor,Hard,2nd Round,3,Krejcikova B.,Burel C.,23,130,1600,499,6,4,6,1,,,2,0,Completed,1.17,5,1.16,5.76,1.22,5.76,1.17,5.19
5,Melbourne,Australian Open,1/18/23,Grand Slam,Outdoor,Hard,2nd Round,3,Keys M.,Wang Xin.,13,79,2318,768,6,3,6,2,,,2,0,Completed,1.17,5,1.18,5.48,1.2,5.48,1.18,4.94
5,Melbourne,Australian Open,1/18/23,Grand Slam,Outdoor,Hard,2nd Round,3,Baindl K.,Mcnally C.,95,94,638,661,6,1,7,6,,,2,0,Completed,2.5,1.53,2.75,1.49,2.9,1.55,2.6,1.5
5,Melbourne,Australian Open,1/18/23,Grand Slam,Outdoor,Hard,2nd Round,3,Gauff C.,Raducanu E.,7,77,3762,784,6,3,7,6,,,2,0,Completed,1.29,3.75,1.28,3.97,1.34,3.97,1.29,3.64
5,Melbourne,Australian Open,1/18/23,Grand Slam,Outdoor,Hard,2nd Round,3,Rybakina E.,Juvan K.,25,104,1585,603,6,2,6,1,,,2,0,Completed,1.17,5,1.18,5.36,1.2,5.5,1.17,5.01
5,Melbourne,Australian Open,1/18/23,Grand Slam,Outdoor,Hard,2nd Round,3,Kostyuk M.,Gadecki O.,61,199,915,326,6,2,6,1,,,2,0,Completed,1.14,5.5,1.16,6.03,1.17,6.5,1.14,5.79
5,Melbourne,Australian Open,1/18/23,Grand Slam,Outdoor,Hard,2nd Round,3,Pera B.,Zheng Q.,41,28,1145,1534,6,4,6,4,,,2,0,Completed,3.5,1.3,3.67,1.32,3.67,1.36,3.44,1.32
5,Melbourne,Australian Open,1/18/23,Grand Slam,Outdoor,Hard,2nd Round,3,Collins D.,Muchova K.,11,133,2388,476,6,7,6,2,7,6,2,1,Completed,1.57,2.38,1.63,2.39,1.65,2.45,1.59,2.36
5,Melbourne,Australian Open,1/18/23,Grand Slam,Outdoor,Hard,2nd Round,3,Azarenka V.,Podoroska N.,24,191,1598,335,6,1,6,0,,,2,0,Completed,1.1,7,1.09,8.58,1.12,8.58,1.1,7.46
5,Melbourne,Australian Open,1/19/23,Grand Slam,Outdoor,Hard,2nd Round,3,Volynets K.,Kudermetova V.,113,9,556,2800,6,4,2,6,6,2,2,1,Completed,9,1.07,9.01,1.09,10.09,1.11,8.11,1.08
5,Melbourne,Australian Open,1/19/23,Grand Slam,Outdoor,Hard,2nd Round,3,Alexandrova E.,Townsend T.,18,135,1910,471,1,6,6,2,6,3,2,1,Completed,1.4,3,1.44,3,1.46,3.15,1.39,3
5,Melbourne,Australian Open,1/19/23,Grand Slam,Outdoor,Hard,2nd Round,3,Sabalenka A.,Rogers S.,5,51,4340,1002,6,3,6,1,,,2,0,Completed,1.17,5,1.21,4.95,1.25,5.05,1.2,4.65
5,Melbourne,Australian Open,1/19/23,Grand Slam,Outdoor,Hard,2nd Round,3,Mertens E.,Davis L.,32,57,1449,954,6,4,6,3,,,2,0,Completed,1.73,2.1,1.74,2.21,1.84,2.25,1.71,2.15
5,Melbourne,Australian Open,1/19/23,Grand Slam,Outdoor,Hard,2nd Round,3,Linette M.,Kontaveit A.,45,19,1060,1909,3,6,6,3,6,4,2,1,Completed,2.5,1.53,2.35,1.66,2.65,1.66,2.45,1.56
5,Melbourne,Australian Open,1/19/23,Grand Slam,Outdoor,Hard,2nd Round,3,Siegemund L.,Begu I.,158,30,397,1472,5,7,7,5,6,3,2,1,Completed,3.2,1.36,3.23,1.39,3.35,1.4,3.12,1.37
5,Melbourne,Australian Open,1/19/23,Grand Slam,Outdoor,Hard,2nd Round,3,Giorgi C.,Schmiedlova A.,70,105,836,603,6,4,6,3,,,2,0,Completed,1.44,2.75,1.43,3.05,1.46,3.05,1.42,2.89
5,Melbourne,Australian Open,1/19/23,Grand Slam,Outdoor,Hard,2nd Round,3,Vekic D.,Samsonova L.,64,20,906,1905,6,3,6,0,,,2,0,Completed,,,2.98,1.44,3.06,1.44,2.92,1.41
5,Melbourne,Australian Open,1/19/23,Grand Slam,Outdoor,Hard,2nd Round,3,Pliskova Ka.,Putintseva Y.,31,47,1450,1054,6,0,7,5,,,2,0,Completed,1.4,3,1.45,2.94,1.48,3,1.43,2.83
5,Melbourne,Australian Open,1/19/23,Grand Slam,Outdoor,Hard,2nd Round,3,Fruhvirtova L.,Birrell K.,82,167,746,374,6,3,6,2,,,2,0,Completed,1.4,3,1.41,3.14,1.47,3.25,1.4,2.97
5,Melbourne,Australian Open,1/19/23,Grand Slam,Outdoor,Hard,2nd Round,3,Parrizas Diaz N.,Potapova A.,75,44,790,1079,6,3,6,2,,,2,0,Completed,2.5,1.53,2.57,1.56,2.7,1.56,2.54,1.52
5,Melbourne,Australian Open,1/19/23,Grand Slam,Outdoor,Hard,2nd Round,3,Zhang S.,Martic P.,22,37,1600,1237,6,3,6,3,,,2,0,Completed,2.1,1.73,2.18,1.75,2.18,1.86,2.1,1.75
5,Melbourne,Australian Open,1/19/23,Grand Slam,Outdoor,Hard,2nd Round,3,Garcia C.,Fernandez L.A.,4,40,4415,1198,7,6,7,5,,,2,0,Completed,1.44,2.75,1.49,2.8,1.53,2.92,1.47,2.68
5,Melbourne,Australian Open,1/19/23,Grand Slam,Outdoor,Hard,2nd Round,3,Gracheva V.,Stefanini L.,97,141,630,447,6,3,6,1,,,2,0,Completed,1.5,2.63,1.56,2.56,1.67,2.7,1.52,2.54
5,Melbourne,Australian Open,1/19/23,Grand Slam,Outdoor,Hard,2nd Round,3,Bencic B.,Liu C.,10,62,2735,912,7,6,6,3,,,2,0,Completed,1.07,9,1.09,9,1.11,9,1.08,8.06
5,Melbourne,Australian Open,1/19/23,Grand Slam,Outdoor,Hard,2nd Round,3,Vondrousova M.,Jabeur O.,86,2,732,5140,6,1,5,7,6,1,2,1,Completed,2.1,1.73,2.12,1.79,2.16,1.83,2.08,1.76
5,Melbourne,Australian Open,1/20/23,Grand Slam,Outdoor,Hard,3rd Round,3,Krejcikova B.,Kalinina A.,23,39,1600,1227,6,2,6,3,,,2,0,Completed,1.67,2.2,1.72,2.25,1.72,2.3,1.67,2.22
5,Melbourne,Australian Open,1/20/23,Grand Slam,Outdoor,Hard,3rd Round,3,Rybakina E.,Collins D.,25,11,1585,2388,6,2,5,7,6,2,2,1,Completed,1.67,2.2,1.65,2.38,1.73,2.46,1.64,2.27
5,Melbourne,Australian Open,1/20/23,Grand Slam,Outdoor,Hard,3rd Round,3,Pegula J.,Kostyuk M.,3,61,5000,915,6,0,6,2,,,2,0,Completed,1.29,3.75,1.27,4.27,1.34,4.27,1.29,3.65
5,Melbourne,Australian Open,1/20/23,Grand Slam,Outdoor,Hard,3rd Round,3,Gauff C.,Pera B.,7,41,3762,1145,6,3,6,2,,,2,0,Completed,1.14,5.5,1.18,5.76,1.22,5.76,1.17,5.25
5,Melbourne,Australian Open,1/20/23,Grand Slam,Outdoor,Hard,3rd Round,3,Ostapenko J.,Baindl K.,17,95,2040,638,6,3,6,0,,,2,0,Completed,1.4,3,1.45,3,1.45,3.15,1.39,3
5,Melbourne,Australian Open,1/20/23,Grand Slam,Outdoor,Hard,3rd Round,3,Swiatek I.,Bucsa C.,1,100,11025,611,6,0,6,1,,,2,0,Completed,1.03,15,1.04,18.49,1.05,18.49,1.03,13.7
5,Melbourne,Australian Open,1/20/23,Grand Slam,Outdoor,Hard,3rd Round,3,Azarenka V.,Keys M.,24,13,1598,2318,1,6,6,2,6,1,2,1,Completed,1.73,2.1,1.83,2.08,1.86,2.15,1.77,2.06
5,Melbourne,Australian Open,1/20/23,Grand Slam,Outdoor,Hard,3rd Round,3,Zhu L.,Sakkari M.,87,6,724,3921,7,6,1,6,6,4,2,1,Completed,5,1.17,5.38,1.2,6,1.2,5.14,1.17
5,Melbourne,Australian Open,1/21/23,Grand Slam,Outdoor,Hard,3rd Round,3,Pliskova Ka.,Gracheva V.,31,97,1450,630,6,4,6,2,,,2,0,Completed,1.29,3.75,1.29,4.03,1.3,4.25,1.27,3.79
5,Melbourne,Australian Open,1/21/23,Grand Slam,Outdoor,Hard,3rd Round,3,Vekic D.,Parrizas Diaz N.,64,75,906,790,6,2,6,2,,,2,0,Completed,1.4,3,1.37,3.36,1.42,3.4,1.39,3.04
5,Melbourne,Australian Open,1/21/23,Grand Slam,Outdoor,Hard,3rd Round,3,Bencic B.,Giorgi C.,10,70,2735,836,6,2,7,5,,,2,0,Completed,1.22,4.33,1.27,4.2,1.27,4.45,1.23,4.17
5,Melbourne,Australian Open,1/21/23,Grand Slam,Outdoor,Hard,3rd Round,3,Zhang S.,Volynets K.,22,113,1600,556,6,3,6,2,,,2,0,Completed,1.4,3,1.43,3.09,1.43,3.2,1.4,2.97
5,Melbourne,Australian Open,1/21/23,Grand Slam,Outdoor,Hard,3rd Round,3,Fruhvirtova L.,Vondrousova M.,82,86,746,732,7,5,2,6,6,3,2,1,Completed,3.2,1.36,3.75,1.32,3.75,1.38,3.39,1.33
5,Melbourne,Australian Open,1/21/23,Grand Slam,Outdoor,Hard,3rd Round,3,Sabalenka A.,Mertens E.,5,32,4340,1449,6,2,6,3,,,2,0,Completed,1.2,4.5,1.2,5.29,1.23,5.29,1.2,4.57
5,Melbourne,Australian Open,1/21/23,Grand Slam,Outdoor,Hard,3rd Round,3,Garcia C.,Siegemund L.,4,158,4415,397,1,6,6,3,6,3,2,1,Completed,1.1,7,1.08,10.42,1.13,10.42,1.1,7.22
5,Melbourne,Australian Open,1/21/23,Grand Slam,Outdoor,Hard,3rd Round,3,Linette M.,Alexandrova E.,45,18,1060,1910,6,3,6,4,,,2,0,Completed,2.3,1.62,2.33,1.68,2.4,1.73,2.23,1.66
5,Melbourne,Australian Open,1/22/23,Grand Slam,Outdoor,Hard,4th Round,3,Rybakina E.,Swiatek I.,25,1,1585,11025,6,4,6,4,,,2,0,Completed,4.33,1.22,4.56,1.24,4.56,1.27,4.1,1.24
5,Melbourne,Australian Open,1/22/23,Grand Slam,Outdoor,Hard,4th Round,3,Ostapenko J.,Gauff C.,17,7,2040,3762,7,5,6,3,,,2,0,Completed,4.5,1.2,4.34,1.26,4.6,1.26,4.32,1.22
5,Melbourne,Australian Open,1/22/23,Grand Slam,Outdoor,Hard,4th Round,3,Pegula J.,Krejcikova B.,3,23,5000,1600,7,5,6,2,,,2,0,Completed,1.4,3,1.44,3.02,1.54,3.02,1.43,2.85
5,Melbourne,Australian Open,1/22/23,Grand Slam,Outdoor,Hard,4th Round,3,Azarenka V.,Zhu L.,24,87,1598,724,4,6,6,1,6,4,2,1,Completed,1.14,5.5,1.16,6.31,1.2,6.31,1.14,5.67
5,Melbourne,Australian Open,1/23/23,Grand Slam,Outdoor,Hard,4th Round,3,Sabalenka A.,Bencic B.,5,10,4340,2735,7,5,6,2,,,2,0,Completed,1.67,2.2,1.78,2.2,1.78,2.32,1.7,2.18
5,Melbourne,Australian Open,1/23/23,Grand Slam,Outdoor,Hard,4th Round,3,Vekic D.,Fruhvirtova L.,64,82,906,746,6,2,1,6,6,3,2,1,Completed,1.4,3,1.39,3.27,1.46,3.27,1.39,3.02
5,Melbourne,Australian Open,1/23/23,Grand Slam,Outdoor,Hard,4th Round,3,Linette M.,Garcia C.,45,4,1060,4415,7,6,6,4,,,2,0,Completed,3,1.4,3.15,1.41,3.4,1.43,3.05,1.38
5,Melbourne,Australian Open,1/23/23,Grand Slam,Outdoor,Hard,4th Round,3,Pliskova Ka.,Zhang S.,31,22,1450,1600,6,0,6,4,,,2,0,Completed,1.44,2.75,1.46,2.96,1.5,2.96,1.45,2.8
5,Melbourne,Australian Open,1/24/23,Grand Slam,Outdoor,Hard,Quarterfinals,3,Rybakina E.,Ostapenko J.,25,17,1585,2040,6,2,6,4,,,2,0,Completed,1.36,3.2,1.39,3.27,1.44,3.3,1.37,3.13
5,Melbourne,Australian Open,1/24/23,Grand Slam,Outdoor,Hard,Quarterfinals,3,Azarenka V.,Pegula J.,24,3,1598,5000,6,4,6,1,,,2,0,Completed,3.4,1.33,3.72,1.32,3.77,1.41,3.4,1.33
5,Melbourne,Australian Open,1/25/23,Grand Slam,Outdoor,Hard,Quarterfinals,3,Linette M.,Pliskova Ka.,45,31,1060,1450,6,3,7,5,,,2,0,Completed,2.38,1.57,2.5,1.6,2.58,1.64,2.4,1.58
5,Melbourne,Australian Open,1/25/23,Grand Slam,Outdoor,Hard,Quarterfinals,3,Sabalenka A.,Vekic D.,5,64,4340,906,6,3,6,2,,,2,0,Completed,1.29,3.75,1.28,4.12,1.31,4.12,1.29,3.7
5,Melbourne,Australian Open,1/26/23,Grand Slam,Outdoor,Hard,Semifinals,3,Rybakina E.,Azarenka V.,25,24,1585,1598,7,6,6,3,,,2,0,Completed,1.44,2.75,1.5,2.8,1.54,2.91,1.48,2.73
5,Melbourne,Australian Open,1/26/23,Grand Slam,Outdoor,Hard,Semifinals,3,Sabalenka A.,Linette M.,5,45,4340,1060,7,6,6,2,,,2,0,Completed,1.17,5,1.18,5.59,1.23,5.59,1.19,4.88
5,Melbourne,Australian Open,1/28/23,Grand Slam,Outdoor,Hard,The Final,3,Sabalenka A.,Rybakina E.,5,25,4340,1585,4,6,6,3,6,4,2,1,Completed,1.8,2.1,1.77,2.18,1.86,2.22,1.78,2.09
6,Hua Hin,Thailand Open,1/30/23,WTA250,Outdoor,Hard,1st Round,3,Tsurenko L.,Bonaventure Y.,136,97,473,684,6,3,4,6,6,4,2,1,Completed,1.57,2.38,1.64,2.39,1.67,2.45,1.58,2.34
6,Hua Hin,Thailand Open,1/30/23,WTA250,Outdoor,Hard,1st Round,3,Jang S.,Boulter K.,149,121,417,541,6,3,4,6,6,3,2,1,Completed,4,1.25,4.14,1.27,4.4,1.29,3.89,1.25
6,Hua Hin,Thailand Open,1/30/23,WTA250,Outdoor,Hard,1st Round,3,Wang Xin.,Zueger J.,81,180,768,365,6,2,6,2,,,2,0,Completed,1.22,4.33,1.27,4.11,1.28,4.4,1.24,4.01
6,Hua Hin,Thailand Open,1/30/23,WTA250,Outdoor,Hard,1st Round,3,Zhu L.,Wang Xiy.,54,59,955,919,4,6,6,3,6,0,2,1,Completed,1.57,2.38,1.57,2.55,1.62,2.72,1.55,2.4
6,Hua Hin,Thailand Open,1/30/23,WTA250,Outdoor,Hard,1st Round,3,Zidansek T.,Sharma A.,132,219,497,298,6,2,6,3,,,2,0,Completed,1.53,2.5,1.6,2.47,1.62,2.6,1.56,2.4
6,Hua Hin,Thailand Open,1/30/23,WTA250,Outdoor,Hard,1st Round,3,Bjorklund M.,Tararudee L.,153,365,408,143,6,2,6,4,,,2,0,Completed,1.53,2.5,1.58,2.52,1.58,2.63,1.52,2.47
6,Hua Hin,Thailand Open,1/31/23,WTA250,Outdoor,Hard,1st Round,3,Maria T.,Eala A.,63,217,884,299,6,2,6,2,,,2,0,Completed,1.5,2.63,1.58,2.52,1.58,2.63,1.52,2.51
6,Hua Hin,Thailand Open,1/31/23,WTA250,Outdoor,Hard,1st Round,3,Hibino N.,Savinykh V.,139,230,451,284,6,0,6,2,,,2,0,Completed,1.44,2.75,1.48,2.84,1.5,2.96,1.44,2.74
6,Hua Hin,Thailand Open,1/31/23,WTA250,Outdoor,Hard,1st Round,3,Watson H.,Putintseva Y.,160,44,389,1114,5,7,6,4,7,6,2,1,Completed,3.5,1.3,3.55,1.34,3.75,1.36,3.39,1.31
6,Hua Hin,Thailand Open,1/31/23,WTA250,Outdoor,Hard,1st Round,3,Han N.L.,Ruse E.G.,176,144,376,436,6,4,1,6,6,4,2,1,Completed,2.3,1.62,2.62,1.55,2.63,1.63,2.43,1.54
6,Hua Hin,Thailand Open,1/31/23,WTA250,Outdoor,Hard,1st Round,3,Kalinskaya A.,Makarova E.,53,221,956,294,6,1,6,1,,,2,0,Completed,1.06,10,1.07,10.7,1.07,10.7,1.06,8.85
6,Hua Hin,Thailand Open,1/31/23,WTA250,Outdoor,Hard,1st Round,3,Zakharova A.,Schmiedlova A.,186,92,358,703,3,6,7,5,6,3,2,1,Completed,2.5,1.53,2.73,1.51,2.77,1.53,2.56,1.5
6,Hua Hin,Thailand Open,1/31/23,WTA250,Outdoor,Hard,1st Round,3,Fruhvirtova L.,Mattek-Sands B.,51,N/A,978,N/A,6,3,6,1,,,2,0,Completed,1.08,8,1.08,9.92,1.1,11,1.08,7.8
6,Hua Hin,Thailand Open,1/31/23,WTA250,Outdoor,Hard,1st Round,3,Kostyuk M.,Liang E.S.,60,364,915,143,6,7,6,3,6,0,2,1,Completed,1.08,8,1.11,8.15,1.11,8.15,1.09,7.32
6,Hua Hin,Thailand Open,1/31/23,WTA250,Outdoor,Hard,1st Round,3,Yastremska D.,Uchijima M.,103,116,611,548,6,3,6,7,6,2,2,1,Completed,1.67,2.2,1.63,2.4,1.71,2.4,1.66,2.19
6,Hua Hin,Thailand Open,1/31/23,WTA250,Outdoor,Hard,1st Round,3,Andreescu B.,Dart H.,42,104,1191,607,6,3,6,4,,,2,0,Completed,1.14,5.5,1.19,5.35,1.19,5.75,1.16,5.15
6,Hua Hin,Thailand Open,2/1/23,WTA250,Outdoor,Hard,2nd Round,3,Zhu L.,Jang S.,54,149,955,417,6,4,7,6,,,2,0,Completed,1.2,4.5,1.25,4.38,1.26,4.5,1.23,4.11
6,Hua Hin,Thailand Open,2/1/23,WTA250,Outdoor,Hard,2nd Round,3,Wang Xin.,Bjorklund M.,81,153,768,408,6,3,6,3,,,2,0,Completed,1.36,3.2,1.43,3.03,1.46,3.2,1.39,2.94
6,Hua Hin,Thailand Open,2/1/23,WTA250,Outdoor,Hard,2nd Round,3,Zidansek T.,Fruhvirtova L.,132,51,497,978,6,3,4,6,6,4,2,1,Completed,3,1.4,3.27,1.37,3.27,1.4,3.04,1.37
6,Hua Hin,Thailand Open,2/1/23,WTA250,Outdoor,Hard,2nd Round,3,Tsurenko L.,Kalinskaya A.,136,53,473,956,6,0,6,7,6,4,2,1,Completed,2.5,1.53,2.7,1.52,2.7,1.55,2.55,1.5
6,Hua Hin,Thailand Open,2/2/23,WTA250,Outdoor,Hard,2nd Round,3,Kostyuk M.,Hibino N.,60,139,915,451,6,3,7,6,,,2,0,Completed,1.29,3.75,1.3,3.88,1.35,3.88,1.29,3.51
6,Hua Hin,Thailand Open,2/2/23,WTA250,Outdoor,Hard,2nd Round,3,Watson H.,Han N.L.,160,176,389,376,6,3,5,7,6,4,2,1,Completed,1.53,2.5,1.51,2.72,1.54,2.88,1.5,2.56
6,Hua Hin,Thailand Open,2/2/23,WTA250,Outdoor,Hard,2nd Round,3,Maria T.,Yastremska D.,63,103,884,611,6,0,6,4,,,2,0,Completed,1.57,2.38,1.57,2.54,1.61,2.55,1.55,2.4
6,Hua Hin,Thailand Open,2/2/23,WTA250,Outdoor,Hard,2nd Round,3,Andreescu B.,Zakharova A.,42,186,1191,358,6,2,7,5,,,2,0,Completed,1.07,9,1.09,9.63,1.1,9.63,1.08,7.86
6,Hua Hin,Thailand Open,2/3/23,WTA250,Outdoor,Hard,Quarterfinals,3,Wang Xin.,Watson H.,81,160,768,389,6,3,6,7,6,4,2,1,Completed,1.4,3,1.43,3.08,1.47,3.15,1.4,2.88
6,Hua Hin,Thailand Open,2/3/23,WTA250,Outdoor,Hard,Quarterfinals,3,Zhu L.,Zidansek T.,54,132,955,497,6,2,6,2,,,2,0,Completed,1.67,2.2,1.75,2.21,1.75,2.24,1.68,2.15
6,Hua Hin,Thailand Open,2/3/23,WTA250,Outdoor,Hard,Quarterfinals,3,Tsurenko L.,Maria T.,136,63,473,884,6,1,6,1,,,2,0,Completed,1.8,2,1.82,2.11,1.88,2.11,1.79,2
6,Hua Hin,Thailand Open,2/3/23,WTA250,Outdoor,Hard,Quarterfinals,3,Andreescu B.,Kostyuk M.,42,60,1191,915,6,0,7,6,,,2,0,Completed,1.57,2.38,1.57,2.58,1.62,2.58,1.57,2.35
6,Hua Hin,Thailand Open,2/4/23,WTA250,Outdoor,Hard,Semifinals,3,Zhu L.,Wang Xin.,54,81,955,768,6,2,6,4,,,2,0,Completed,1.57,2.38,1.63,2.45,1.63,2.67,1.55,2.41
6,Hua Hin,Thailand Open,2/4/23,WTA250,Outdoor,Hard,Semifinals,3,Tsurenko L.,Andreescu B.,136,42,473,1191,7,5,4,0,,,1,0,Retired,3.4,1.33,3.51,1.35,3.51,1.35,3.27,1.33
6,Hua Hin,Thailand Open,2/5/23,WTA250,Outdoor,Hard,The Final,3,Zhu L.,Tsurenko L.,54,136,955,473,6,4,6,4,,,2,0,Completed,1.8,2,1.88,2.02,1.9,2.1,1.81,1.97
7,Lyon,Lyon Open,1/30/23,WTA250,Indoor,Hard,1st Round,3,Zanevska M.,Galfi D.,93,91,702,705,6,1,7,6,,,2,0,Completed,1.29,3.75,1.3,3.91,1.3,4.2,1.27,3.68
7,Lyon,Lyon Open,1/30/23,WTA250,Indoor,Hard,1st Round,3,Sherif M.,Konjuh A.,50,142,991,440,6,2,3,2,,,1,0,Retired,1.33,3.4,1.45,2.95,1.45,3.45,1.39,2.97
7,Lyon,Lyon Open,1/30/23,WTA250,Indoor,Hard,1st Round,3,Osorio M.,Cornet A.,73,58,804,927,6,4,4,6,6,1,2,1,Completed,2.38,1.57,2.57,1.56,2.72,1.59,2.47,1.53
7,Lyon,Lyon Open,1/30/23,WTA250,Indoor,Hard,1st Round,3,Potapova A.,Bassols M.,43,124,1139,527,4,6,6,1,6,2,2,1,Completed,1.36,3.2,1.38,3.28,1.38,3.45,1.34,3.2
7,Lyon,Lyon Open,1/30/23,WTA250,Indoor,Hard,1st Round,3,Noskova L.,Muguruza G.,56,82,949,764,6,1,6,4,,,2,0,Completed,1.57,2.38,1.55,2.62,1.59,2.62,1.55,2.42
7,Lyon,Lyon Open,1/30/23,WTA250,Indoor,Hard,1st Round,3,Martic P.,Mladenovic K.,36,145,1297,436,3,6,6,3,7,5,2,1,Completed,1.3,3.5,1.36,3.43,1.37,3.89,1.33,3.31
7,Lyon,Lyon Open,1/30/23,WTA250,Indoor,Hard,1st Round,3,Niemeier J.,Danilovic O.,71,141,825,443,7,5,2,6,6,3,2,1,Completed,1.53,2.5,1.61,2.46,1.62,2.5,1.56,2.41
7,Lyon,Lyon Open,1/31/23,WTA250,Indoor,Hard,1st Round,3,Andreeva E.,Blinkova A.,134,64,484,884,6,7,6,4,4,0,1,1,Retired,2.3,1.62,2.34,1.66,2.45,1.66,2.3,1.6
7,Lyon,Lyon Open,1/31/23,WTA250,Indoor,Hard,1st Round,3,Bondar A.,Parrizas Diaz N.,72,75,816,790,6,4,6,4,,,2,0,Completed,2.3,1.62,2.33,1.67,2.35,1.71,2.26,1.63
7,Lyon,Lyon Open,1/31/23,WTA250,Indoor,Hard,1st Round,3,Parks A.,Grabher J.,79,89,777,724,6,3,5,7,6,4,2,1,Completed,1.17,5,1.2,5.09,1.2,6.5,1.17,4.9
7,Lyon,Lyon Open,1/31/23,WTA250,Indoor,Hard,1st Round,3,Kovinic D.,Golubic V.,67,85,846,744,6,1,6,4,,,2,0,Completed,2.5,1.53,2.56,1.57,2.58,1.62,2.46,1.53
7,Lyon,Lyon Open,1/31/23,WTA250,Indoor,Hard,1st Round,3,Zhang S.,Brengle M.,23,80,1710,771,6,3,6,2,,,2,0,Completed,1.44,2.75,1.44,2.98,1.5,3.3,1.42,2.84
7,Lyon,Lyon Open,1/31/23,WTA250,Indoor,Hard,1st Round,3,Garcia C.,Martincova T.,5,87,4645,740,6,4,7,6,,,2,0,Completed,1.13,6,1.15,6.24,1.17,6.24,1.14,5.57
7,Lyon,Lyon Open,1/31/23,WTA250,Indoor,Hard,1st Round,3,Burel C.,Bogdan A.,107,68,599,840,7,5,6,4,,,2,0,Completed,2.5,1.53,2.54,1.57,2.63,1.62,2.43,1.55
7,Lyon,Lyon Open,2/1/23,WTA250,Indoor,Hard,1st Round,3,Paolini J.,Masarova R.,66,100,867,652,6,3,6,2,,,2,0,Completed,2.2,1.67,2.29,1.68,2.29,1.68,2.21,1.65
7,Lyon,Lyon Open,2/1/23,WTA250,Indoor,Hard,1st Round,3,Van Uytvanck A.,Korpatsch T.,76,78,786,784,6,2,6,4,,,2,0,Completed,1.22,4.33,1.26,4.29,1.28,4.5,1.23,4.08
7,Lyon,Lyon Open,2/1/23,WTA250,Indoor,Hard,2nd Round,3,Parks A.,Martic P.,79,36,777,1297,2,6,7,6,6,2,2,1,Completed,2,1.8,2,1.89,2.04,1.95,1.94,1.85
7,Lyon,Lyon Open,2/1/23,WTA250,Indoor,Hard,2nd Round,3,Osorio M.,Niemeier J.,73,71,804,825,7,6,7,5,,,2,0,Completed,2.2,1.67,2.14,1.78,2.25,1.78,2.15,1.69
7,Lyon,Lyon Open,2/1/23,WTA250,Indoor,Hard,2nd Round,3,Noskova L.,Sherif M.,56,50,949,991,6,3,6,2,,,2,0,Completed,1.17,5,1.2,5.2,1.2,5.5,1.18,4.79
7,Lyon,Lyon Open,2/2/23,WTA250,Indoor,Hard,2nd Round,3,Kovinic D.,Bondar A.,67,72,846,816,4,6,6,2,6,3,2,1,Completed,1.67,2.2,1.72,2.23,1.72,2.34,1.65,2.22
7,Lyon,Lyon Open,2/2/23,WTA250,Indoor,Hard,2nd Round,3,Potapova A.,Burel C.,43,107,1139,599,6,4,4,6,6,3,2,1,Completed,1.57,2.38,1.59,2.5,1.65,2.6,1.56,2.39
7,Lyon,Lyon Open,2/2/23,WTA250,Indoor,Hard,2nd Round,3,Zanevska M.,Zhang S.,93,23,702,1710,6,2,6,0,,,2,0,Completed,2.3,1.62,2.44,1.62,2.53,1.67,2.31,1.6
7,Lyon,Lyon Open,2/2/23,WTA250,Indoor,Hard,2nd Round,3,Garcia C.,Van Uytvanck A.,5,76,4645,786,2,6,6,0,6,1,2,1,Completed,1.25,4,1.26,4.21,1.29,4.21,1.26,3.79
7,Lyon,Lyon Open,2/2/23,WTA250,Indoor,Hard,2nd Round,3,Paolini J.,Andreeva E.,66,134,867,484,6,2,6,3,,,2,0,Completed,1.53,2.5,1.57,2.55,1.64,2.6,1.55,2.43
7,Lyon,Lyon Open,2/3/23,WTA250,Indoor,Hard,Quarterfinals,3,Parks A.,Kovinic D.,79,67,777,846,7,5,6,2,,,2,0,Completed,1.57,2.38,1.67,2.35,1.67,2.45,1.61,2.29
7,Lyon,Lyon Open,2/3/23,WTA250,Indoor,Hard,Quarterfinals,3,Zanevska M.,Potapova A.,93,43,702,1139,3,6,6,1,6,2,2,1,Completed,1.53,2.5,1.68,2.33,1.68,2.5,1.6,2.31
7,Lyon,Lyon Open,2/3/23,WTA250,Indoor,Hard,Quarterfinals,3,Garcia C.,Paolini J.,5,66,4645,867,7,5,7,5,,,2,0,Completed,1.17,5,1.16,6.32,1.19,6.32,1.16,5.07
7,Lyon,Lyon Open,2/3/23,WTA250,Indoor,Hard,Quarterfinals,3,Osorio M.,Noskova L.,73,56,804,949,6,4,7,6,,,2,0,Completed,4,1.25,3.6,1.34,4,1.34,3.68,1.27
7,Lyon,Lyon Open,2/4/23,WTA250,Indoor,Hard,Semifinals,3,Parks A.,Zanevska M.,79,93,777,702,6,3,7,6,,,2,0,Completed,1.8,2,1.82,2.11,1.83,2.19,1.77,2.04
7,Lyon,Lyon Open,2/4/23,WTA250,Indoor,Hard,Semifinals,3,Garcia C.,Osorio M.,5,73,4645,804,6,2,6,2,,,2,0,Completed,1.25,4,1.22,4.96,1.29,4.96,1.23,4.08
7,Lyon,Lyon Open,2/5/23,WTA250,Indoor,Hard,The Final,3,Parks A.,Garcia C.,79,5,777,4645,7,6,7,5,,,2,0,Completed,4.33,1.22,4.38,1.26,4.4,1.28,4.09,1.23
8,Abu Dhabi,Abu Dhabi WTA Women's Tennis Open,2/6/23,WTA500,Outdoor,Hard,1st Round,3,Mertens E.,Trevisan M.,32,25,1339,1572,6,0,6,2,,,2,0,Completed,1.29,3.75,1.28,4.06,1.29,4.12,1.26,3.77
8,Abu Dhabi,Abu Dhabi WTA Women's Tennis Open,2/6/23,WTA500,Outdoor,Hard,1st Round,3,Kontaveit A.,Zhang S.,18,23,1909,1710,4,6,7,6,6,4,2,1,Completed,1.5,2.63,1.56,2.58,1.56,2.65,1.5,2.54
8,Abu Dhabi,Abu Dhabi WTA Women's Tennis Open,2/6/23,WTA500,Outdoor,Hard,1st Round,3,Kostyuk M.,Cirstea S.,57,63,960,906,6,2,1,6,6,2,2,1,Completed,1.57,2.38,1.62,2.43,1.7,2.51,1.58,2.35
8,Abu Dhabi,Abu Dhabi WTA Women's Tennis Open,2/6/23,WTA500,Outdoor,Hard,1st Round,3,Ostapenko J.,Collins D.,12,42,2340,1218,7,5,1,6,7,5,2,1,Completed,2.2,1.67,2.17,1.76,2.32,1.76,2.16,1.68
8,Abu Dhabi,Abu Dhabi WTA Women's Tennis Open,2/7/23,WTA500,Outdoor,Hard,1st Round,3,Zheng Q.,Marino R.,29,74,1415,829,6,3,6,3,,,2,0,Completed,1.3,3.5,1.34,3.56,1.36,3.94,1.3,3.44
8,Abu Dhabi,Abu Dhabi WTA Women's Tennis Open,2/7/23,WTA500,Outdoor,Hard,1st Round,3,Haddad Maia B.,Bouzkova M.,14,26,2195,1521,4,6,6,3,6,0,2,1,Completed,1.8,2,1.8,2.11,1.85,2.11,1.77,2.01
8,Abu Dhabi,Abu Dhabi WTA Women's Tennis Open,2/7/23,WTA500,Outdoor,Hard,1st Round,3,Rogers S.,Fernandez L.A.,46,39,1062,1258,6,4,6,7,6,1,2,1,Completed,2.38,1.57,2.48,1.6,2.6,1.62,2.41,1.55
8,Abu Dhabi,Abu Dhabi WTA Women's Tennis Open,2/7/23,WTA500,Outdoor,Hard,1st Round,3,Samsonova L.,Liu C.,19,56,1905,972,0,6,6,2,6,0,2,1,Completed,1.3,3.5,1.33,3.51,1.35,3.85,1.3,3.43
8,Abu Dhabi,Abu Dhabi WTA Women's Tennis Open,2/7/23,WTA500,Outdoor,Hard,1st Round,3,Teichmann J.,Yastremska D.,28,102,1429,640,6,3,7,6,,,2,0,Completed,1.67,2.2,1.64,2.39,1.76,2.39,1.64,2.22
8,Abu Dhabi,Abu Dhabi WTA Women's Tennis Open,2/7/23,WTA500,Outdoor,Hard,1st Round,3,Pliskova Ka.,Bonaventure Y.,20,96,1880,684,6,1,6,3,,,2,0,Completed,1.22,4.33,1.23,4.57,1.25,4.81,1.21,4.25
8,Abu Dhabi,Abu Dhabi WTA Women's Tennis Open,2/7/23,WTA500,Outdoor,Hard,1st Round,3,Putintseva Y.,Andreescu B.,45,37,1114,1301,7,6,6,2,,,2,0,Completed,2.3,1.62,2.54,1.57,2.61,1.63,2.38,1.56
8,Abu Dhabi,Abu Dhabi WTA Women's Tennis Open,2/7/23,WTA500,Outdoor,Hard,1st Round,3,Krejcikova B.,Ruse E.G.,30,148,1410,436,6,1,6,4,,,2,0,Completed,1.17,5,1.21,4.88,1.21,5.5,1.18,4.76
8,Abu Dhabi,Abu Dhabi WTA Women's Tennis Open,2/8/23,WTA500,Outdoor,Hard,2nd Round,3,Zheng Q.,Ostapenko J.,29,12,1415,2340,7,6,6,1,,,2,0,Completed,1.73,2.1,1.76,2.18,1.77,2.25,1.71,2.11
8,Abu Dhabi,Abu Dhabi WTA Women's Tennis Open,2/8/23,WTA500,Outdoor,Hard,2nd Round,3,Kudermetova V.,Mertens E.,11,32,2740,1339,6,1,7,5,,,2,0,Completed,1.67,2.2,1.64,2.38,1.68,2.4,1.62,2.26
8,Abu Dhabi,Abu Dhabi WTA Women's Tennis Open,2/8/23,WTA500,Outdoor,Hard,2nd Round,3,Bencic B.,Kostyuk M.,9,57,2905,960,6,4,7,5,,,2,0,Completed,1.33,3.4,1.36,3.4,1.36,3.4,1.34,3.21
8,Abu Dhabi,Abu Dhabi WTA Women's Tennis Open,2/8/23,WTA500,Outdoor,Hard,2nd Round,3,Rogers S.,Kontaveit A.,46,18,1062,1909,4,6,6,3,4,1,1,1,Retired,2,1.8,2.08,1.82,2.17,1.86,2.02,1.77
8,Abu Dhabi,Abu Dhabi WTA Women's Tennis Open,2/9/23,WTA500,Outdoor,Hard,2nd Round,3,Samsonova L.,Krejcikova B.,19,30,1905,1410,7,5,7,6,,,2,0,Completed,2,1.8,2.14,1.78,2.14,1.83,2.03,1.77
8,Abu Dhabi,Abu Dhabi WTA Women's Tennis Open,2/9/23,WTA500,Outdoor,Hard,2nd Round,3,Kasatkina D.,Teichmann J.,8,28,3380,1429,1,6,6,0,6,2,2,1,Completed,1.44,2.75,1.52,2.7,1.54,2.9,1.46,2.67
8,Abu Dhabi,Abu Dhabi WTA Women's Tennis Open,2/9/23,WTA500,Outdoor,Hard,2nd Round,3,Rybakina E.,Pliskova Ka.,10,20,2815,1880,6,4,6,2,,,2,0,Completed,1.5,2.63,1.51,2.72,1.52,2.85,1.48,2.61
8,Abu Dhabi,Abu Dhabi WTA Women's Tennis Open,2/9/23,WTA500,Outdoor,Hard,2nd Round,3,Haddad Maia B.,Putintseva Y.,14,45,2195,1114,6,4,6,7,7,6,2,1,Completed,1.5,2.63,1.58,2.51,1.64,2.8,1.53,2.49
8,Abu Dhabi,Abu Dhabi WTA Women's Tennis Open,2/10/23,WTA500,Outdoor,Hard,Quarterfinals,3,Bencic B.,Rogers S.,9,46,2905,1062,7,6,6,2,,,2,0,Completed,1.29,3.75,1.33,3.68,1.33,3.94,1.29,3.5
8,Abu Dhabi,Abu Dhabi WTA Women's Tennis Open,2/10/23,WTA500,Outdoor,Hard,Quarterfinals,3,Zheng Q.,Kasatkina D.,29,8,1415,3380,6,1,6,2,,,2,0,Completed,1.73,2.1,1.66,2.36,1.79,2.36,1.66,2.2
8,Abu Dhabi,Abu Dhabi WTA Women's Tennis Open,2/10/23,WTA500,Outdoor,Hard,Quarterfinals,3,Haddad Maia B.,Rybakina E.,14,10,2195,2815,3,6,6,3,6,2,2,1,Completed,4.33,1.22,4.66,1.24,4.8,1.32,4.11,1.23
8,Abu Dhabi,Abu Dhabi WTA Women's Tennis Open,2/10/23,WTA500,Outdoor,Hard,Quarterfinals,3,Samsonova L.,Kudermetova V.,19,11,1905,2740,6,3,6,3,,,2,0,Completed,2.2,1.67,2.24,1.73,2.31,1.73,2.21,1.64
8,Abu Dhabi,Abu Dhabi WTA Women's Tennis Open,2/11/23,WTA500,Outdoor,Hard,Semifinals,3,Bencic B.,Haddad Maia B.,9,14,2905,2195,6,2,6,3,,,2,0,Completed,1.44,2.75,1.45,2.97,1.48,3.03,1.42,2.8
8,Abu Dhabi,Abu Dhabi WTA Women's Tennis Open,2/11/23,WTA500,Outdoor,Hard,Semifinals,3,Samsonova L.,Zheng Q.,19,29,1905,1415,6,4,1,6,6,4,2,1,Completed,2,1.8,1.97,1.93,2.05,1.93,1.98,1.81
8,Abu Dhabi,Abu Dhabi WTA Women's Tennis Open,2/12/23,WTA500,Outdoor,Hard,The Final,3,Bencic B.,Samsonova L.,9,19,2905,1905,1,6,7,6,6,4,2,1,Completed,1.62,2.3,1.68,2.33,1.68,2.35,1.62,2.27
9,Linz,Ladies Linz Open,2/6/23,WTA250,Indoor,Hard,1st Round,3,Niemeier J.,Kenin S.,71,209,853,323,2,6,6,3,6,4,2,1,Completed,2.2,1.67,2.2,1.74,2.32,1.74,2.16,1.68
9,Linz,Ladies Linz Open,2/7/23,WTA250,Indoor,Hard,1st Round,3,Van Uytvanck A.,Noskova L.,76,50,815,1009,7,6,6,2,,,2,0,Completed,2.75,1.44,2.59,1.56,2.85,1.57,2.56,1.5
9,Linz,Ladies Linz Open,2/7/23,WTA250,Indoor,Hard,1st Round,3,Lys E.,Rakhimova K.,126,115,539,565,6,4,7,6,,,2,0,Completed,1.62,2.3,1.68,2.29,1.68,2.4,1.63,2.25
9,Linz,Ladies Linz Open,2/7/23,WTA250,Indoor,Hard,1st Round,3,Vondrousova M.,Tomova V.,89,101,732,652,6,3,6,3,,,2,0,Completed,1.08,8,1.08,9.74,1.1,9.94,1.07,8.12
9,Linz,Ladies Linz Open,2/7/23,WTA250,Indoor,Hard,1st Round,3,Masarova R.,Alexandrova E.,99,17,658,2030,4,6,6,1,7,6,2,1,Completed,2.75,1.44,2.9,1.46,2.92,1.46,2.78,1.43
9,Linz,Ladies Linz Open,2/7/23,WTA250,Indoor,Hard,1st Round,3,Martic P.,Bassols M.,34,128,1325,536,6,1,7,5,,,2,0,Completed,1.29,3.75,1.3,3.81,1.3,3.85,1.28,3.6
9,Linz,Ladies Linz Open,2/7/23,WTA250,Indoor,Hard,1st Round,3,Potapova A.,Bronzetti L.,44,66,1179,896,2,6,6,3,6,4,2,1,Completed,1.4,3,1.41,3.11,1.42,3.21,1.38,2.97
9,Linz,Ladies Linz Open,2/7/23,WTA250,Indoor,Hard,1st Round,3,Galfi D.,Pera B.,92,43,705,1205,6,2,7,6,,,2,0,Completed,5,1.17,5.13,1.2,5.13,1.2,4.79,1.18
9,Linz,Ladies Linz Open,2/7/23,WTA250,Indoor,Hard,1st Round,3,Giorgi C.,Cristian J.,73,193,836,340,6,1,6,2,,,2,0,Completed,1.29,3.75,1.32,3.7,1.32,3.76,1.29,3.51
9,Linz,Ladies Linz Open,2/7/23,WTA250,Indoor,Hard,1st Round,3,Gracheva V.,Blinkova A.,84,67,750,884,7,5,7,5,,,2,0,Completed,2.63,1.5,2.55,1.57,2.63,1.57,2.47,1.53
9,Linz,Ladies Linz Open,2/7/23,WTA250,Indoor,Hard,1st Round,3,Sakkari M.,Parrizas Diaz N.,7,79,3811,790,6,1,7,6,,,2,0,Completed,1.2,4.5,1.23,4.56,1.25,4.85,1.21,4.28
9,Linz,Ladies Linz Open,2/7/23,WTA250,Indoor,Hard,1st Round,3,Vekic D.,Korpatsch T.,33,81,1326,784,7,6,6,1,,,2,0,Completed,1.11,6.5,1.13,7.16,1.14,7.16,1.11,6.23
9,Linz,Ladies Linz Open,2/8/23,WTA250,Indoor,Hard,1st Round,3,Kalinina A.,Parks A.,31,51,1347,1009,6,2,7,5,,,2,0,Completed,1.91,1.91,1.9,1.99,1.95,2.01,1.88,1.9
9,Linz,Ladies Linz Open,2/8/23,WTA250,Indoor,Hard,1st Round,3,Friedsam A.L.,Errani S.,124,106,542,614,6,2,6,4,,,2,0,Completed,1.22,4.33,1.28,4.03,1.3,4.65,1.24,3.93
9,Linz,Ladies Linz Open,2/8/23,WTA250,Indoor,Hard,1st Round,3,Tauson C.,Begu I.,141,27,460,1472,6,1,6,2,,,2,0,Completed,1.91,1.91,1.87,2.03,1.97,2.03,1.88,1.91
9,Linz,Ladies Linz Open,2/8/23,WTA250,Indoor,Hard,1st Round,3,Brengle M.,Grabher J.,82,90,771,724,7,6,6,2,,,2,0,Completed,1.62,2.3,1.51,2.74,1.68,2.74,1.55,2.42
9,Linz,Ladies Linz Open,2/8/23,WTA250,Indoor,Hard,2nd Round,3,Vondrousova M.,Masarova R.,89,99,732,658,6,1,6,1,,,2,0,Completed,1.29,3.75,1.33,3.57,1.33,8,1.3,3.56
9,Linz,Ladies Linz Open,2/8/23,WTA250,Indoor,Hard,2nd Round,3,Sakkari M.,Gracheva V.,7,84,3811,750,6,4,6,2,,,2,0,Completed,1.22,4.33,1.23,4.62,1.23,4.75,1.21,4.32
9,Linz,Ladies Linz Open,2/8/23,WTA250,Indoor,Hard,2nd Round,3,Potapova A.,Niemeier J.,44,71,1179,853,7,5,3,6,6,3,2,1,Completed,2,1.8,2.19,1.75,2.19,1.86,2.06,1.75
9,Linz,Ladies Linz Open,2/9/23,WTA250,Indoor,Hard,2nd Round,3,Galfi D.,Lys E.,92,126,705,539,6,4,3,6,6,3,2,1,Completed,2.5,1.53,2.68,1.52,2.7,1.57,2.49,1.52
9,Linz,Ladies Linz Open,2/9/23,WTA250,Indoor,Hard,2nd Round,3,Friedsam A.L.,Kalinina A.,124,31,542,1347,6,3,7,5,,,2,0,Completed,3.5,1.3,4,1.28,4.04,1.33,3.46,1.3
9,Linz,Ladies Linz Open,2/9/23,WTA250,Indoor,Hard,2nd Round,3,Vekic D.,Brengle M.,33,82,1326,771,6,3,6,1,,,2,0,Completed,1.2,4.5,1.21,4.92,1.23,5.36,1.2,4.35
9,Linz,Ladies Linz Open,2/9/23,WTA250,Indoor,Hard,2nd Round,3,Tauson C.,Giorgi C.,141,73,460,836,1,6,6,3,6,4,2,1,Completed,1.91,1.91,1.89,2,1.94,2.2,1.84,1.94
9,Linz,Ladies Linz Open,2/9/23,WTA250,Indoor,Hard,2nd Round,3,Martic P.,Van Uytvanck A.,34,76,1325,815,6,4,6,7,7,6,2,1,Completed,1.8,2,1.91,1.98,2,2,1.85,1.93
9,Linz,Ladies Linz Open,2/10/23,WTA250,Indoor,Hard,Quarterfinals,3,Vondrousova M.,Galfi D.,89,92,732,705,4,1,,,,,0,0,Retired,1.11,6.5,1.14,6.96,1.15,7,1.11,6.21
9,Linz,Ladies Linz Open,2/10/23,WTA250,Indoor,Hard,Quarterfinals,3,Potapova A.,Friedsam A.L.,44,124,1179,542,2,6,6,4,6,1,2,1,Completed,1.57,2.38,1.63,2.43,1.64,2.45,1.59,2.33
9,Linz,Ladies Linz Open,2/10/23,WTA250,Indoor,Hard,Quarterfinals,3,Sakkari M.,Vekic D.,7,33,3811,1326,6,3,7,6,,,2,0,Completed,1.8,2,1.84,2.08,1.87,2.15,1.78,2.01
9,Linz,Ladies Linz Open,2/10/23,WTA250,Indoor,Hard,Quarterfinals,3,Martic P.,Tauson C.,34,141,1325,460,6,4,7,5,,,2,0,Completed,2.2,1.67,2.13,1.8,2.45,1.8,2.2,1.65
9,Linz,Ladies Linz Open,2/11/23,WTA250,Indoor,Hard,Semifinals,3,Potapova A.,Vondrousova M.,44,89,1179,732,6,1,6,7,6,3,2,1,Completed,4,1.25,4.02,1.29,4.12,1.31,3.72,1.27
9,Linz,Ladies Linz Open,2/11/23,WTA250,Indoor,Hard,Semifinals,3,Martic P.,Sakkari M.,34,7,1325,3811,3,6,6,3,6,4,2,1,Completed,3,1.4,3.2,1.4,3.21,1.45,2.98,1.38
9,Linz,Ladies Linz Open,2/12/23,WTA250,Indoor,Hard,The Final,3,Potapova A.,Martic P.,44,34,1179,1325,6,3,6,1,,,2,0,Completed,2.1,1.73,2.07,1.85,2.1,1.85,2.02,1.78
10,Doha,Qatar Open,2/13/23,WTA500,Outdoor,Hard,1st Round,3,Muchova K.,Trevisan M.,123,25,546,1558,6,2,6,2,,,2,0,Completed,1.22,4.33,1.22,4.74,1.23,5.25,1.2,4.36
10,Doha,Qatar Open,2/13/23,WTA500,Outdoor,Hard,1st Round,3,Kudermetova V.,Krejcikova B.,11,29,2740,1464,6,4,3,6,7,6,2,1,Completed,1.67,2.2,1.81,2.09,1.81,2.25,1.74,2.07
10,Doha,Qatar Open,2/13/23,WTA500,Outdoor,Hard,1st Round,3,Azarenka V.,Oz I.,17,196,2138,338,6,1,6,1,,,2,0,Completed,1.02,19,1.03,23.19,1.03,23.19,1.02,14.47
10,Doha,Qatar Open,2/14/23,WTA500,Outdoor,Hard,1st Round,3,Kvitova P.,Zhang S.,13,22,2227,1710,7,5,6,2,,,2,0,Completed,1.4,3,1.45,2.93,1.45,3.16,1.38,2.98
10,Doha,Qatar Open,2/14/23,WTA500,Outdoor,Hard,1st Round,3,Collins D.,Mertens E.,42,37,1219,1294,6,4,7,6,,,2,0,Completed,1.62,2.3,1.62,2.44,1.66,2.52,1.58,2.35
10,Doha,Qatar Open,2/14/23,WTA500,Outdoor,Hard,1st Round,3,Ostapenko J.,Keys M.,14,23,2210,1668,7,5,6,2,,,2,0,Completed,2.1,1.73,2.05,1.85,2.25,1.85,2.02,1.78
10,Doha,Qatar Open,2/14/23,WTA500,Outdoor,Hard,1st Round,3,Kenin S.,Samsonova L.,210,15,323,2209,6,3,6,1,,,2,0,Completed,3.5,1.3,3.35,1.37,3.6,1.37,3.35,1.31
10,Doha,Qatar Open,2/14/23,WTA500,Outdoor,Hard,1st Round,3,Bencic B.,Tomova V.,9,100,3275,655,6,0,6,1,,,2,0,Completed,1.06,10,1.07,11.15,1.09,12.11,1.06,9.35
10,Doha,Qatar Open,2/14/23,WTA500,Outdoor,Hard,1st Round,3,Haddad Maia B.,Badosa P.,12,20,2285,1862,7,6,6,3,,,2,0,Completed,1.73,2.1,1.85,2.04,1.85,2.1,1.78,2.02
10,Doha,Qatar Open,2/14/23,WTA500,Outdoor,Hard,1st Round,3,Sakkari M.,Zheng Q.,7,24,3616,1599,6,2,3,6,6,3,2,1,Completed,2.1,1.73,2.12,1.79,2.2,1.83,2.04,1.76
10,Doha,Qatar Open,2/14/23,WTA500,Outdoor,Hard,1st Round,3,Alexandrova E.,Pliskova Ka.,18,19,2005,1910,6,1,6,2,,,2,0,Completed,2.63,1.5,2.67,1.53,2.83,1.53,2.59,1.49
10,Doha,Qatar Open,2/14/23,WTA500,Outdoor,Hard,1st Round,3,Kasatkina D.,Marino R.,8,75,3425,829,7,6,6,2,,,2,0,Completed,1.53,2.5,1.48,2.81,1.53,2.81,1.48,2.6
10,Doha,Qatar Open,2/15/23,WTA500,Outdoor,Hard,2nd Round,3,Bencic B.,Azarenka V.,9,17,3275,2138,1,6,7,6,6,4,2,1,Completed,1.62,2.3,1.61,2.44,1.65,2.44,1.61,2.29
10,Doha,Qatar Open,2/15/23,WTA500,Outdoor,Hard,2nd Round,3,Kudermetova V.,Kenin S.,11,210,2740,323,6,2,7,5,,,2,0,Completed,1.5,2.63,1.48,2.84,1.57,2.84,1.49,2.57
10,Doha,Qatar Open,2/15/23,WTA500,Outdoor,Hard,2nd Round,3,Gauff C.,Kvitova P.,6,13,3992,2227,6,3,7,6,,,2,0,Completed,1.57,2.38,1.63,2.4,1.63,2.48,1.57,2.37
10,Doha,Qatar Open,2/15/23,WTA500,Outdoor,Hard,2nd Round,3,Pegula J.,Ostapenko J.,4,14,5000,2210,6,2,2,6,7,5,2,1,Completed,1.5,2.63,1.52,2.7,1.55,2.7,1.49,2.59
10,Doha,Qatar Open,2/15/23,WTA500,Outdoor,Hard,2nd Round,3,Sakkari M.,Alexandrova E.,7,18,3616,2005,6,3,6,2,,,2,0,Completed,1.57,2.38,1.6,2.47,1.6,2.59,1.55,2.41
10,Doha,Qatar Open,2/15/23,WTA500,Outdoor,Hard,2nd Round,3,Haddad Maia B.,Kasatkina D.,12,8,2285,3425,6,3,7,6,,,2,0,Completed,1.67,2.2,1.66,2.35,1.73,2.35,1.66,2.2
10,Doha,Qatar Open,2/15/23,WTA500,Outdoor,Hard,2nd Round,3,Swiatek I.,Collins D.,1,42,10485,1219,6,0,6,1,,,2,0,Completed,1.3,3.5,1.32,3.64,1.32,3.85,1.29,3.52
10,Doha,Qatar Open,2/15/23,WTA500,Outdoor,Hard,2nd Round,3,Garcia C.,Muchova K.,5,123,4795,546,6,7,7,5,6,4,2,1,Completed,1.5,2.63,1.51,2.72,1.53,2.78,1.49,2.59
10,Doha,Qatar Open,2/16/23,WTA500,Outdoor,Hard,Quarterfinals,3,Kudermetova V.,Gauff C.,11,6,2740,3992,6,2,3,6,6,1,2,1,Completed,2.5,1.53,2.56,1.58,2.62,1.59,2.46,1.53
10,Doha,Qatar Open,2/16/23,WTA500,Outdoor,Hard,Quarterfinals,3,Swiatek I.,Bencic B.,1,9,10485,3275,,,,,,,,,Walkover,1.29,3.75,1.31,3.78,1.33,3.78,1.3,3.47
10,Doha,Qatar Open,2/16/23,WTA500,Outdoor,Hard,Quarterfinals,3,Pegula J.,Haddad Maia B.,4,12,5000,2285,6,3,6,2,,,2,0,Completed,1.44,2.75,1.44,3.02,1.47,3.32,1.43,2.78
10,Doha,Qatar Open,2/16/23,WTA500,Outdoor,Hard,Quarterfinals,3,Sakkari M.,Garcia C.,7,5,3616,4795,6,2,6,7,7,6,2,1,Completed,1.91,1.91,1.92,1.99,1.97,2.08,1.84,1.95
10,Doha,Qatar Open,2/17/23,WTA500,Outdoor,Hard,Semifinals,3,Pegula J.,Sakkari M.,4,7,5000,3616,6,2,4,6,6,1,2,1,Completed,1.62,2.3,1.65,2.38,1.67,2.55,1.6,2.32
10,Doha,Qatar Open,2/17/23,WTA500,Outdoor,Hard,Semifinals,3,Swiatek I.,Kudermetova V.,1,11,10485,2740,6,0,6,1,,,2,0,Completed,1.2,4.5,1.21,5.13,1.21,5.24,1.19,4.7
10,Doha,Qatar Open,2/18/23,WTA500,Outdoor,Hard,The Final,3,Swiatek I.,Pegula J.,1,4,10485,5000,6,3,6,0,,,2,0,Completed,1.22,4.33,1.25,4.44,1.25,5,1.22,4.22
11,Dubai,Dubai Duty Free Tennis Championships,2/19/23,WTA1000,Outdoor,Hard,1st Round,3,Krejcikova B.,Begu I.,30,39,1410,1288,6,4,6,2,,,2,0,Completed,1.25,4,1.3,3.84,1.3,4.05,1.27,3.72
11,Dubai,Dubai Duty Free Tennis Championships,2/19/23,WTA1000,Outdoor,Hard,1st Round,3,Yastremska D.,Cornet A.,122,60,552,927,6,2,6,3,,,2,0,Completed,1.53,2.5,1.66,2.34,1.67,2.5,1.6,2.31
11,Dubai,Dubai Duty Free Tennis Championships,2/19/23,WTA1000,Outdoor,Hard,1st Round,3,Keys M.,Paolini J.,23,64,1668,897,6,1,6,1,,,2,0,Completed,1.36,3.2,1.4,3.16,1.41,3.32,1.37,3.05
11,Dubai,Dubai Duty Free Tennis Championships,2/19/23,WTA1000,Outdoor,Hard,1st Round,3,Kvitova P.,Trevisan M.,15,25,2182,1558,6,2,6,1,,,2,0,Completed,1.08,8,1.1,8.19,1.12,9.4,1.09,7.25
11,Dubai,Dubai Duty Free Tennis Championships,2/19/23,WTA1000,Outdoor,Hard,1st Round,3,Zheng Q.,Zhang S.,24,22,1599,1710,6,3,6,1,,,2,0,Completed,1.29,3.75,1.31,3.79,1.33,4.12,1.29,3.57
11,Dubai,Dubai Duty Free Tennis Championships,2/19/23,WTA1000,Outdoor,Hard,1st Round,3,Bouzkova M.,Kenin S.,26,176,1538,377,6,1,6,1,,,2,0,Completed,2,1.8,1.89,2,2,2.05,1.84,1.94
11,Dubai,Dubai Duty Free Tennis Championships,2/19/23,WTA1000,Outdoor,Hard,1st Round,3,Samsonova L.,Badosa P.,13,19,2197,1862,6,7,7,6,6,4,2,1,Completed,1.62,2.3,1.6,2.48,1.63,2.5,1.57,2.37
11,Dubai,Dubai Duty Free Tennis Championships,2/19/23,WTA1000,Outdoor,Hard,1st Round,3,Tomova V.,Kanepi K.,99,48,665,1052,6,3,6,1,,,2,0,Completed,2.5,1.53,2.53,1.58,2.63,1.59,2.48,1.53
11,Dubai,Dubai Duty Free Tennis Championships,2/19/23,WTA1000,Outdoor,Hard,1st Round,3,Anisimova A.,Zvonareva V.,35,436,1304,108,6,3,6,2,,,2,0,Completed,1.13,6,1.18,5.46,1.2,6,1.17,4.98
11,Dubai,Dubai Duty Free Tennis Championships,2/19/23,WTA1000,Outdoor,Hard,1st Round,3,Fruhvirtova L.,Collins D.,52,40,1007,1273,6,3,6,4,,,2,0,Completed,2.75,1.44,2.74,1.51,2.8,1.51,2.66,1.46
11,Dubai,Dubai Duty Free Tennis Championships,2/19/23,WTA1000,Outdoor,Hard,1st Round,3,Fernandez L.A.,Grabher J.,37,94,1300,689,6,4,6,2,,,2,0,Completed,1.08,8,1.09,9.06,1.12,12.11,1.07,8
11,Dubai,Dubai Duty Free Tennis Championships,2/19/23,WTA1000,Outdoor,Hard,1st Round,3,Kostyuk M.,Oz I.,55,195,990,338,4,6,6,4,6,2,2,1,Completed,1.04,13,1.05,15.27,1.05,15.27,1.03,11.83
11,Dubai,Dubai Duty Free Tennis Championships,2/20/23,WTA1000,Outdoor,Hard,1st Round,3,Cirstea S.,Haddad Maia B.,70,12,852,2285,4,6,7,6,7,5,2,1,Completed,4.33,1.22,4.02,1.28,4.33,1.29,3.9,1.25
11,Dubai,Dubai Duty Free Tennis Championships,2/20/23,WTA1000,Outdoor,Hard,1st Round,3,Bogdan A.,Siegemund L.,75,130,823,526,7,5,6,3,,,2,0,Completed,1.53,2.5,1.59,2.5,1.65,2.51,1.58,2.36
11,Dubai,Dubai Duty Free Tennis Championships,2/20/23,WTA1000,Outdoor,Hard,1st Round,3,Kalinina A.,Kudermetova V.,33,11,1347,2620,6,3,5,7,7,5,2,1,Completed,3.5,1.3,3.68,1.32,3.85,1.36,3.41,1.31
11,Dubai,Dubai Duty Free Tennis Championships,2/20/23,WTA1000,Outdoor,Hard,1st Round,3,Muchova K.,Pera B.,112,44,601,1200,6,1,6,4,,,2,0,Completed,1.33,3.4,1.33,3.56,1.41,3.76,1.33,3.28
11,Dubai,Dubai Duty Free Tennis Championships,2/20/23,WTA1000,Outdoor,Hard,1st Round,3,Davis L.,Teichmann J.,49,32,1025,1366,6,4,4,6,6,3,2,1,Completed,2.2,1.67,2.09,1.8,2.2,1.8,2.07,1.74
11,Dubai,Dubai Duty Free Tennis Championships,2/20/23,WTA1000,Outdoor,Hard,1st Round,3,Sasnovich A.,Masarova R.,43,93,1204,694,2,6,6,4,6,4,2,1,Completed,2.1,1.73,2.17,1.76,2.19,1.76,2.1,1.73
11,Dubai,Dubai Duty Free Tennis Championships,2/20/23,WTA1000,Outdoor,Hard,1st Round,3,Pliskova Ka.,Vondrousova M.,18,103,1910,631,6,3,6,4,,,2,0,Completed,2,1.8,2.07,1.83,2.1,1.92,1.97,1.81
11,Dubai,Dubai Duty Free Tennis Championships,2/20/23,WTA1000,Outdoor,Hard,1st Round,3,Azarenka V.,Pavlyuchenkova A.,14,732,2192,34,6,3,7,5,,,2,0,Completed,1.13,6,1.14,6.52,1.18,6.52,1.13,5.71
11,Dubai,Dubai Duty Free Tennis Championships,2/20/23,WTA1000,Outdoor,Hard,1st Round,3,Putintseva Y.,Martic P.,46,28,1176,1450,6,4,0,6,6,2,2,1,Completed,1.91,1.91,1.9,1.99,1.91,2.06,1.83,1.96
11,Dubai,Dubai Duty Free Tennis Championships,2/20/23,WTA1000,Outdoor,Hard,1st Round,3,Ostapenko J.,Zavatska K.,20,280,1795,223,6,1,6,4,,,2,0,Completed,1.2,4.5,1.2,5.2,1.22,5.2,1.19,4.65
11,Dubai,Dubai Duty Free Tennis Championships,2/20/23,WTA1000,Outdoor,Hard,1st Round,3,Rogers S.,Liu C.,45,57,1186,972,6,4,6,4,,,2,0,Completed,1.4,3,1.33,3.52,1.45,3.52,1.36,3.1
11,Dubai,Dubai Duty Free Tennis Championships,2/20/23,WTA1000,Outdoor,Hard,1st Round,3,Rybakina E.,Andreescu B.,10,36,2860,1302,6,3,6,4,,,2,0,Completed,1.25,4,1.31,3.76,1.31,4.6,1.26,3.76
11,Dubai,Dubai Duty Free Tennis Championships,2/21/23,WTA1000,Outdoor,Hard,2nd Round,3,Krejcikova B.,Kasatkina D.,30,8,1410,3425,6,4,4,6,7,5,2,1,Completed,1.53,2.5,1.58,2.52,1.59,2.55,1.54,2.44
11,Dubai,Dubai Duty Free Tennis Championships,2/21/23,WTA1000,Outdoor,Hard,2nd Round,3,Kalinina A.,Yastremska D.,33,122,1347,552,5,7,6,2,6,3,2,1,Completed,1.57,2.38,1.71,2.26,1.71,2.4,1.64,2.23
11,Dubai,Dubai Duty Free Tennis Championships,2/21/23,WTA1000,Outdoor,Hard,2nd Round,3,Pliskova Ka.,Sakkari M.,18,7,1910,3800,6,1,6,2,,,2,0,Completed,2.2,1.67,2.28,1.69,2.32,1.69,2.23,1.64
11,Dubai,Dubai Duty Free Tennis Championships,2/21/23,WTA1000,Outdoor,Hard,2nd Round,3,Keys M.,Garcia C.,23,5,1668,4835,7,5,6,4,,,2,0,Completed,2.1,1.73,2.08,1.82,2.2,1.84,2.06,1.75
11,Dubai,Dubai Duty Free Tennis Championships,2/21/23,WTA1000,Outdoor,Hard,2nd Round,3,Azarenka V.,Anisimova A.,14,35,2192,1304,4,6,6,4,7,6,2,1,Completed,1.53,2.5,1.51,2.73,1.57,2.73,1.5,2.57
11,Dubai,Dubai Duty Free Tennis Championships,2/21/23,WTA1000,Outdoor,Hard,2nd Round,3,Muchova K.,Cirstea S.,112,70,601,852,6,4,7,6,,,2,0,Completed,1.36,3.2,1.37,3.36,1.4,3.38,1.34,3.19
11,Dubai,Dubai Duty Free Tennis Championships,2/21/23,WTA1000,Outdoor,Hard,2nd Round,3,Samsonova L.,Zheng Q.,13,24,2197,1599,,,,,,,,,Walkover,1.91,1.91,2.02,1.87,2.02,1.91,1.92,1.87
11,Dubai,Dubai Duty Free Tennis Championships,2/21/23,WTA1000,Outdoor,Hard,2nd Round,3,Pegula J.,Tomova V.,3,99,5250,665,6,2,5,7,6,1,2,1,Completed,1.07,9,1.09,9.38,1.09,10.09,1.07,8.17
11,Dubai,Dubai Duty Free Tennis Championships,2/21/23,WTA1000,Outdoor,Hard,2nd Round,3,Kvitova P.,Putintseva Y.,15,46,2182,1176,6,4,6,4,,,2,0,Completed,1.36,3.2,1.4,3.17,1.4,3.25,1.37,3.06
11,Dubai,Dubai Duty Free Tennis Championships,2/21/23,WTA1000,Outdoor,Hard,2nd Round,3,Bogdan A.,Rogers S.,75,45,823,1186,7,6,6,3,,,2,0,Completed,2.75,1.44,2.78,1.49,2.85,1.49,2.75,1.44
11,Dubai,Dubai Duty Free Tennis Championships,2/21/23,WTA1000,Outdoor,Hard,2nd Round,3,Sabalenka A.,Davis L.,2,49,6100,1025,6,0,6,1,,,2,0,Completed,1.14,5.5,1.16,5.9,1.19,6,1.14,5.47
11,Dubai,Dubai Duty Free Tennis Championships,2/21/23,WTA1000,Outdoor,Hard,2nd Round,3,Bencic B.,Kostyuk M.,9,55,3315,990,6,7,7,6,6,4,2,1,Completed,1.2,4.5,1.25,4.39,1.25,4.5,1.22,4.21
11,Dubai,Dubai Duty Free Tennis Championships,2/21/23,WTA1000,Outdoor,Hard,2nd Round,3,Ostapenko J.,Fruhvirtova L.,20,52,1795,1007,6,2,6,0,,,2,0,Completed,1.5,2.63,1.55,2.61,1.55,2.63,1.51,2.52
11,Dubai,Dubai Duty Free Tennis Championships,2/21/23,WTA1000,Outdoor,Hard,2nd Round,3,Swiatek I.,Fernandez L.A.,1,37,10900,1300,6,1,6,1,,,2,0,Completed,1.08,8,1.1,8.73,1.11,9.33,1.08,7.48
11,Dubai,Dubai Duty Free Tennis Championships,2/21/23,WTA1000,Outdoor,Hard,2nd Round,3,Rybakina E.,Bouzkova M.,10,26,2860,1538,7,5,6,2,,,2,0,Completed,1.29,3.75,1.31,3.88,1.32,3.95,1.28,3.59
11,Dubai,Dubai Duty Free Tennis Championships,2/21/23,WTA1000,Outdoor,Hard,2nd Round,3,Gauff C.,Sasnovich A.,6,43,4091,1204,6,0,6,4,,,2,0,Completed,1.2,4.5,1.21,4.96,1.21,5,1.19,4.57
11,Dubai,Dubai Duty Free Tennis Championships,2/22/23,WTA1000,Outdoor,Hard,3rd Round,3,Pegula J.,Bogdan A.,3,75,5250,823,6,4,6,3,,,2,0,Completed,1.14,5.5,1.17,5.9,1.21,6,1.15,5.37
11,Dubai,Dubai Duty Free Tennis Championships,2/22/23,WTA1000,Outdoor,Hard,3rd Round,3,Pliskova Ka.,Kalinina A.,18,33,1910,1347,7,5,6,7,6,2,2,1,Completed,1.36,3.2,1.4,3.23,1.4,3.46,1.34,3.18
11,Dubai,Dubai Duty Free Tennis Championships,2/22/23,WTA1000,Outdoor,Hard,3rd Round,3,Keys M.,Azarenka V.,23,14,1668,2192,6,2,6,1,,,2,0,Completed,2,1.8,2.07,1.85,2.19,1.88,2.02,1.79
11,Dubai,Dubai Duty Free Tennis Championships,2/22/23,WTA1000,Outdoor,Hard,3rd Round,3,Muchova K.,Bencic B.,112,9,601,3315,6,1,6,4,,,2,0,Completed,2.5,1.53,2.8,1.5,2.8,1.59,2.5,1.52
11,Dubai,Dubai Duty Free Tennis Championships,2/22/23,WTA1000,Outdoor,Hard,3rd Round,3,Swiatek I.,Samsonova L.,1,13,10900,2197,6,1,6,0,,,2,0,Completed,1.13,6,1.14,6.85,1.15,6.85,1.13,5.93
11,Dubai,Dubai Duty Free Tennis Championships,2/22/23,WTA1000,Outdoor,Hard,3rd Round,3,Gauff C.,Rybakina E.,6,10,4091,2860,,,,,,,,,Walkover,2.1,1.73,2.25,1.72,2.31,1.8,2.14,1.7
11,Dubai,Dubai Duty Free Tennis Championships,2/22/23,WTA1000,Outdoor,Hard,3rd Round,3,Sabalenka A.,Ostapenko J.,2,20,6100,1795,2,6,6,1,6,1,2,1,Completed,1.33,3.4,1.34,3.58,1.37,3.58,1.33,3.26
11,Dubai,Dubai Duty Free Tennis Championships,2/22/23,WTA1000,Outdoor,Hard,3rd Round,3,Krejcikova B.,Kvitova P.,30,15,1410,2182,6,3,6,2,,,2,0,Completed,2.1,1.73,2.15,1.79,2.15,1.83,2.04,1.76
11,Dubai,Dubai Duty Free Tennis Championships,2/23/23,WTA1000,Outdoor,Hard,Quarterfinals,3,Swiatek I.,Pliskova Ka.,1,18,10900,1910,,,,,,,,,Walkover,1.07,9,1.11,7.77,1.14,9,1.1,6.9
11,Dubai,Dubai Duty Free Tennis Championships,2/23/23,WTA1000,Outdoor,Hard,Quarterfinals,3,Gauff C.,Keys M.,6,23,4091,1668,6,2,7,5,,,2,0,Completed,1.67,2.2,1.73,2.24,1.78,2.3,1.67,2.19
11,Dubai,Dubai Duty Free Tennis Championships,2/23/23,WTA1000,Outdoor,Hard,Quarterfinals,3,Krejcikova B.,Sabalenka A.,30,2,1410,6100,0,6,7,6,6,1,2,1,Completed,3.5,1.3,3.74,1.32,3.96,1.32,3.5,1.3
11,Dubai,Dubai Duty Free Tennis Championships,2/23/23,WTA1000,Outdoor,Hard,Quarterfinals,3,Pegula J.,Muchova K.,3,112,5250,601,,,,,,,,,Walkover,1.5,2.63,1.49,2.82,1.54,2.82,1.49,2.6
11,Dubai,Dubai Duty Free Tennis Championships,2/24/23,WTA1000,Outdoor,Hard,Semifinals,3,Swiatek I.,Gauff C.,1,6,10900,4091,6,4,6,2,,,2,0,Completed,1.1,7,1.11,8.19,1.13,8.19,1.1,6.73
11,Dubai,Dubai Duty Free Tennis Championships,2/24/23,WTA1000,Outdoor,Hard,Semifinals,3,Krejcikova B.,Pegula J.,30,3,1410,5250,6,1,5,7,6,0,2,1,Completed,2.5,1.53,2.41,1.63,2.6,1.63,2.41,1.56
11,Dubai,Dubai Duty Free Tennis Championships,2/25/23,WTA1000,Outdoor,Hard,The Final,3,Krejcikova B.,Swiatek I.,30,1,1410,10900,6,4,6,2,,,2,0,Completed,7,1.1,6.79,1.14,7.1,1.16,6.26,1.12
12,Merida,Merida Open,2/20/23,WTA250,Outdoor,Hard,1st Round,3,Bonaventure Y.,Waltert S.,95,124,684,547,4,6,7,5,6,1,2,1,Completed,1.8,2,1.84,2.06,1.84,2.1,1.77,2.02
12,Merida,Merida Open,2/20/23,WTA250,Outdoor,Hard,1st Round,3,Mcnally C.,Zhu L.,92,42,694,1220,7,6,6,7,6,1,2,1,Completed,2.63,1.5,2.61,1.55,2.67,1.57,2.51,1.51
12,Merida,Merida Open,2/20/23,WTA250,Outdoor,Hard,1st Round,3,Parrizas Diaz N.,Konjuh A.,79,143,790,456,6,4,6,7,6,2,2,1,Completed,1.62,2.3,1.79,2.12,1.8,2.3,1.67,2.18
12,Merida,Merida Open,2/21/23,WTA250,Outdoor,Hard,1st Round,3,Wang Xiy.,Riske-Amritraj A.,62,58,912,953,7,5,4,6,7,6,2,1,Completed,2.1,1.73,2.15,1.77,2.15,1.77,2.08,1.73
12,Merida,Merida Open,2/21/23,WTA250,Outdoor,Hard,1st Round,3,Volynets K.,Bronzetti L.,96,65,679,896,4,6,6,2,6,1,2,1,Completed,2.1,1.73,2.11,1.8,2.25,1.8,2.09,1.72
12,Merida,Merida Open,2/21/23,WTA250,Outdoor,Hard,1st Round,3,Giorgi C.,Sherif M.,68,53,865,1006,6,4,6,2,,,2,0,Completed,1.29,3.75,1.36,3.41,1.36,3.75,1.3,3.43
12,Merida,Merida Open,2/21/23,WTA250,Outdoor,Hard,1st Round,3,Birrell K.,Bondar A.,133,76,494,816,7,6,6,1,,,2,0,Completed,1.53,2.5,1.58,2.53,1.62,2.52,1.54,2.42
12,Merida,Merida Open,2/21/23,WTA250,Outdoor,Hard,1st Round,3,Cocciaretto E.,Golubic V.,54,85,1005,744,6,0,6,3,,,2,0,Completed,1.62,2.3,1.58,2.52,1.64,2.52,1.56,2.38
12,Merida,Merida Open,2/21/23,WTA250,Outdoor,Hard,1st Round,3,Wang Xin.,Avanesyan E.,67,170,871,384,1,6,6,2,6,3,2,1,Completed,1.4,3,1.43,3.04,1.44,3.27,1.38,2.97
12,Merida,Merida Open,2/21/23,WTA250,Outdoor,Hard,1st Round,3,Siniakova K.,Tsurenko L.,47,100,1055,653,7,5,,,,,1,0,Retired,1.91,1.91,2.05,1.85,2.05,1.91,1.97,1.81
12,Merida,Merida Open,2/21/23,WTA250,Outdoor,Hard,1st Round,3,Udvardy P.,Niemeier J.,91,69,695,858,7,6,7,6,,,2,0,Completed,3.75,1.29,3.89,1.29,4.38,1.3,3.71,1.27
12,Merida,Merida Open,2/21/23,WTA250,Outdoor,Hard,1st Round,3,Stephens S.,Jeanjean L.,41,108,1244,610,6,1,6,3,,,2,0,Completed,1.29,3.75,1.38,3.28,1.38,3.75,1.33,3.25
12,Merida,Merida Open,2/22/23,WTA250,Outdoor,Hard,1st Round,3,Gracheva V.,Maria T.,89,72,702,850,3,6,6,4,6,2,2,1,Completed,2.1,1.73,2.12,1.78,2.2,1.8,2.05,1.75
12,Merida,Merida Open,2/22/23,WTA250,Outdoor,Hard,1st Round,3,Linette M.,Osorio M.,21,61,1770,913,6,7,7,5,6,2,2,1,Completed,1.53,2.5,1.61,2.46,1.61,2.52,1.55,2.42
12,Merida,Merida Open,2/22/23,WTA250,Outdoor,Hard,1st Round,3,Peterson R.,Podoroska N.,140,109,463,607,6,3,7,5,,,2,0,Completed,1.67,2.2,1.76,2.16,1.76,2.2,1.68,2.17
12,Merida,Merida Open,2/22/23,WTA250,Outdoor,Hard,1st Round,3,Parks A.,Contreras Gomez F.,51,169,1009,386,7,6,3,6,7,5,2,1,Completed,1.33,3.4,1.3,3.8,1.36,3.8,1.31,3.4
12,Merida,Merida Open,2/22/23,WTA250,Outdoor,Hard,2nd Round,3,Birrell K.,Wang Xiy.,133,62,494,912,6,3,6,2,,,2,0,Completed,1.8,2,1.72,2.23,1.82,2.23,1.73,2.09
12,Merida,Merida Open,2/22/23,WTA250,Outdoor,Hard,2nd Round,3,Mcnally C.,Volynets K.,92,96,694,679,6,3,6,0,,,2,0,Completed,1.53,2.5,1.59,2.5,1.64,2.52,1.55,2.42
12,Merida,Merida Open,2/23/23,WTA250,Outdoor,Hard,2nd Round,3,Giorgi C.,Parrizas Diaz N.,68,79,865,790,7,6,6,2,,,2,0,Completed,1.5,2.63,1.53,2.65,1.53,2.7,1.49,2.58
12,Merida,Merida Open,2/23/23,WTA250,Outdoor,Hard,2nd Round,3,Cocciaretto E.,Wang Xin.,54,67,1005,871,6,4,6,2,,,2,0,Completed,1.5,2.63,1.52,2.69,1.55,2.88,1.49,2.59
12,Merida,Merida Open,2/23/23,WTA250,Outdoor,Hard,2nd Round,3,Peterson R.,Parks A.,140,51,463,1009,6,4,6,2,,,2,0,Completed,2,1.8,2,1.88,2.13,1.88,1.96,1.82
12,Merida,Merida Open,2/23/23,WTA250,Outdoor,Hard,2nd Round,3,Linette M.,Udvardy P.,21,91,1770,695,6,0,2,5,,,1,0,Retired,1.17,5,1.18,5.45,1.2,5.76,1.17,4.94
12,Merida,Merida Open,2/24/23,WTA250,Outdoor,Hard,2nd Round,3,Stephens S.,Gracheva V.,41,89,1244,702,5,7,6,2,7,6,2,1,Completed,1.44,2.75,1.51,2.73,1.53,2.9,1.46,2.66
12,Merida,Merida Open,2/24/23,WTA250,Outdoor,Hard,2nd Round,3,Siniakova K.,Bonaventure Y.,47,95,1055,684,6,0,7,5,,,2,0,Completed,1.36,3.2,1.39,3.23,1.44,3.23,1.37,3.03
12,Merida,Merida Open,2/24/23,WTA250,Outdoor,Hard,Quarterfinals,3,Mcnally C.,Birrell K.,92,133,694,494,6,4,6,3,,,2,0,Completed,1.8,2,1.76,2.19,1.82,2.2,1.75,2.07
12,Merida,Merida Open,2/24/23,WTA250,Outdoor,Hard,Quarterfinals,3,Peterson R.,Linette M.,140,21,463,1770,6,2,6,4,,,2,0,Completed,2.75,1.44,2.68,1.53,2.9,1.53,2.68,1.46
12,Merida,Merida Open,2/25/23,WTA250,Outdoor,Hard,Quarterfinals,3,Giorgi C.,Stephens S.,68,41,865,1244,6,0,6,0,,,2,0,Completed,1.62,2.3,1.67,2.36,1.68,2.42,1.61,2.3
12,Merida,Merida Open,2/25/23,WTA250,Outdoor,Hard,Quarterfinals,3,Siniakova K.,Cocciaretto E.,47,54,1055,1005,6,1,5,7,6,0,2,1,Completed,1.91,1.91,1.93,1.97,1.98,1.96,1.9,1.89
12,Merida,Merida Open,2/26/23,WTA250,Outdoor,Hard,Semifinals,3,Peterson R.,Mcnally C.,140,92,463,694,6,2,6,7,6,4,2,1,Completed,1.91,1.91,2.02,1.89,2.1,1.92,1.94,1.85
12,Merida,Merida Open,2/26/23,WTA250,Outdoor,Hard,Semifinals,3,Giorgi C.,Siniakova K.,68,47,865,1055,7,5,7,6,,,2,0,Completed,1.67,2.2,1.79,2.14,1.79,2.28,1.7,2.14
12,Merida,Merida Open,2/27/23,WTA250,Outdoor,Hard,The Final,3,Giorgi C.,Peterson R.,68,140,865,463,7,6,1,6,6,2,2,1,Completed,1.44,2.75,1.47,2.9,1.47,2.97,1.43,2.79